date,ticker,tier,composite
2026-09-28,GGN,Top tier,66.4
2026-09-28,JFR,Watchlist,62.5
2026-09-28,ECC,Watchlist,61.8
2026-09-28,JQC,Watchlist,59.0
2026-09-28,PML,Watchlist,58.3
2026-09-28,GAB,Watchlist,58.2
2026-09-28,WIW,Watchlist,58.1
2026-09-28,NUV,Watchlist,58.0
2026-09-28,MYI,Watchlist,57.7
2026-09-28,PFN,Watchlist,57.6
2026-09-28,OXLC,Watchlist,57.4
2026-09-28,DNP,Watchlist,57.2
2026-09-28,MUC,Watchlist,55.0
2026-09-28,UA,Watchlist,54.5
2026-09-28,VMO,Watchlist,54.1
2026-09-28,ETW,Watchlist,52.0
2026-09-29,PFN,Watchlist,60.5
2026-09-29,DNP,Watchlist,59.4
2026-09-29,NUV,Watchlist,58.6
2026-09-29,OXLC,Watchlist,58.4
2026-09-29,GAB,Watchlist,58.4
2026-09-29,MUC,Watchlist,57.1
2026-09-29,MQY,Watchlist,55.2
2026-09-29,NMCO,Watchlist,54.6
2026-09-29,ETW,Watchlist,53.3
2026-09-29,NAD,Watchlist,53.2
2026-09-29,NEA,Watchlist,53.0
2026-09-29,ACP,Watchlist,52.5
2026-09-29,UA,Watchlist,52.5
