rank,ticker,name,sector,price,composite,growth_score,momentum_score,quality_score,upside_score,sentiment_score,red_flags,revenue_growth,mom_12_1,gross_margin,fcf_yield,analyst_upside,n_analysts,runway_months,dilution_yoy,market_cap,avg_dollar_volume,data_coverage,industry,tier,streak,new_today
1,KRO,Kronos Worldwide Inc,Basic Materials,7.789999961853027,71.5,65.8,83.2,49.5,84.2,83.8,,0.129,0.5801858033101048,0.12007,0.11604826958456696,,2.0,inf,0.00014604083809488522,896609664.0,3282438.021623437,0.8125,Specialty Chemicals,Top tier,1,True
2,INNV,InnovAge Holding Corp.,Healthcare,8.805000305175781,71.1,83.7,78.1,50.0,70.3,62.7,,0.183,1.2040816286810734,0.68464994,0.04117986795954899,,2.0,inf,0.004280535662164686,1201454848.0,4178176.3926463444,0.875,Medical Care Facilities,Top tier,1,True
3,VISN,"Vistance Networks, Inc.",Technology,6.005000114440918,69.7,73.5,75.7,56.5,87.9,36.7,,-0.014,0.47293694390018115,0.46992,0.003781829785735583,1.4424096120713408,3.0,inf,0.03881387633518418,1384911616.0,52270365.751485266,0.9375,Communication Equipment,Top tier,1,True
4,MTA,Metalla Royalty & Streaming Ltd,Basic Materials,9.529999732971191,69.3,93.5,87.2,74.1,9.0,71.9,,0.938,0.6618819948950285,1.0,0.002130995199078531,,1.0,inf,0.010495545539067397,891015616.0,3822083.4881717046,0.8125,Other Precious Metals & Mining,Top tier,1,True
5,CLOV,"Clover Health Investments, Corp",Healthcare,4.320300102233887,68.1,86.7,90.0,38.7,53.3,56.6,,0.556,0.3301282844835043,0.18544,0.03008965965534583,0.24412653584429522,4.0,inf,0.03599680475699185,2294754304.0,19086413.29858238,0.8125,Healthcare Plans,Top tier,1,True
6,SXC,"SunCoke Energy, Inc.",Basic Materials,9.574999809265137,67.8,72.0,85.7,38.3,84.2,45.7,,0.095,0.35087450616423266,0.18107,0.002322571897326468,,2.0,inf,0.0024725653040129636,812676672.0,12199405.372965097,0.875,Coking Coal,Top tier,1,True
7,STLN,"Starling Oncology, Inc.",Healthcare,6.485000133514404,67.3,79.4,95.2,31.2,54.0,73.9,,0.346,0.7080924226166343,0.15694,0.013008452976376709,0.387818013061882,5.0,inf,0.07707086962494425,660926016.0,9552580.267645955,0.8125,Medical Care Facilities,Top tier,1,True
8,EOLS,"Evolus, Inc. Common Stock",Healthcare,8.074999809265137,67.0,70.9,91.2,43.1,63.0,62.9,,0.212,0.48045608310262256,0.66403,-0.0034104718698130454,0.8575851831958212,5.0,297.9879054425508,0.021267662988112113,533357280.0,6787785.8834440075,0.8125,Drug Manufacturers - Specialty & Generic,Top tier,1,True
9,CGNT,Cognyte Software Ltd.,Technology,8.739999771118164,66.7,81.2,64.9,57.2,53.3,72.6,,0.12,0.07917169494642051,0.72964996,0.0784944194004853,0.4111361925610346,3.0,inf,0.012006834124741239,645407360.0,4905046.104383786,0.9375,Software - Infrastructure,Top tier,1,True
10,IRWD,"Ironwood Pharmaceuticals, Inc.",Healthcare,4.065000057220459,66.6,69.2,80.4,82.4,46.4,39.7,,0.326,1.9929578369322645,0.77219003,0.18138257636571123,0.5006149850268442,4.0,inf,0.017273568061096478,671700416.0,8632850.86059726,0.875,Drug Manufacturers - Specialty & Generic,Top tier,1,True
11,GAU,Galiano Gold Inc.,Basic Materials,1.9450000524520874,66.0,86.4,37.3,55.7,77.9,58.9,,1.167,0.008928562875609058,0.54597,0.01521680594973231,,2.0,inf,0.011716483879674389,508796000.0,5554493.93537281,0.9375,Gold,Watchlist,0,False
12,BTE,Baytex Energy Corp,Energy,4.545000076293945,65.6,73.4,77.7,60.5,64.0,31.3,,0.513,1.0190858997374956,0.5901,-0.0709844765361282,,1.0,38.31936475223794,-0.07734959077555548,3177863936.0,74065355.13652866,0.875,Oil & Gas E&P,Watchlist,0,False
13,HAFN,Hafnia Limited,Industrials,9.960000038146973,65.6,60.7,89.5,55.2,55.3,73.9,,0.472,0.5717438304944928,0.31902,0.06822019305226187,,2.0,inf,0.003597791698647379,5331898368.0,15189287.368286626,0.9375,Marine Shipping,Watchlist,0,False
14,RSKD,Riskified Ltd.,Technology,7.994999885559082,65.6,81.0,91.6,56.4,26.6,64.0,,0.218,0.3242105182848478,0.51272,0.0503475770353831,-0.09318322654447231,5.0,inf,-0.15812405831285814,1055641664.0,10771102.396954617,0.9375,Software - Application,Watchlist,0,False
15,EXK,Endeavour Silver Corporation,Basic Materials,8.550000190734863,65.4,93.5,55.0,56.1,54.5,42.1,,1.394,0.3522727190627213,0.44085997,0.026723165846760256,0.8128654566343105,3.0,inf,0.021783336332150016,2532035328.0,76715864.92617409,0.875,Silver,Watchlist,0,False
16,KODK,Eastman Kodak Company,Industrials,9.609999656677246,65.4,68.5,73.4,53.8,83.8,76.0,dilution 21% YoY,0.183,0.39440985441732246,0.24229,0.04570165051064431,,1.0,inf,0.21194782484147656,940885056.0,7654696.402069807,0.8125,Specialty Business Services,Watchlist,0,False
17,ARI,Apollo Commercial Real Estate F,Real Estate,6.235000133514404,64.5,47.6,55.3,75.4,97.0,46.8,,5.249,0.13389536765731713,0.86444,,,2.0,inf,-0.07675526618235595,799402432.0,25964670.807248853,0.875,REIT - Mortgage,Watchlist,0,False
18,BCRX,"BioCryst Pharmaceuticals, Inc.",Healthcare,8.395000457763672,64.5,83.5,59.3,74.1,68.3,40.9,dilution 22% YoY,0.336,0.2847681542006699,0.77388,0.1508783073013471,1.4690016521477949,11.0,inf,0.21609775850980206,2145217280.0,37010737.9623806,0.9375,Drug Manufacturers - Specialty & Generic,Watchlist,0,False
19,XERS,"Xeris Biopharma Holdings, Inc.",Healthcare,9.720000267028809,64.3,84.3,82.6,53.6,30.3,57.3,,0.287,0.044554413375801794,0.86574996,0.029596831548229723,0.2639618994326913,7.0,inf,0.07670580403771976,1772153344.0,18092923.111928366,0.8125,Drug Manufacturers - Specialty & Generic,Watchlist,0,False
20,BHC,Bausch Health Companies Inc.,Healthcare,5.870800018310547,64.2,72.0,62.9,70.1,42.0,75.5,,0.127,-0.01545593630221842,0.71823,0.6529465741597394,0.27750902374601605,5.0,inf,0.011229091921747036,2195623680.0,20167046.515541393,0.875,Drug Manufacturers - Specialty & Generic,Watchlist,0,False
21,GNW,Genworth Financial Inc,Financial Services,9.050000190734863,63.6,48.9,67.5,61.3,87.4,56.5,,0.053,0.11061450192359845,0.06625,0.19699218611092914,,1.0,inf,-0.09022345304603852,3419552000.0,33027228.259227563,0.875,Insurance - Life,Watchlist,0,False
22,SRTA,"Strata Critical Medical, Inc.",Healthcare,5.135000228881836,63.5,84.5,70.3,46.5,65.9,66.4,runway < 24 mo,0.607,0.10980391240220744,0.21250999,-0.04422576117244108,0.8622199754180473,4.0,13.59013476351057,0.08288329586395737,454277088.0,5008539.0714324,0.8125,Medical Care Facilities,Watchlist,0,False
23,NEXN,Nexxen International Ltd.,Communication Services,8.944999694824219,63.0,53.2,73.5,61.8,64.5,70.4,,0.105,0.007231373204274583,0.82514,0.1196733306096646,0.6366685857430536,10.0,inf,-0.15011424946543517,509430528.0,4826155.674940745,0.9375,Advertising Agencies,Watchlist,0,False
24,STGW,Stagwell Inc.,Communication Services,8.210000038146973,63.0,77.7,85.1,34.6,45.7,66.0,,0.112,0.5868374109885777,0.35833,0.09913217009403022,0.20062606019485374,7.0,inf,-0.06432497818064886,2007143552.0,10786495.611885596,0.9375,Advertising Agencies,Watchlist,0,False
25,HNST,"The Honest Company, Inc.",Consumer Defensive,5.184999942779541,62.4,60.1,92.3,65.6,35.9,56.5,,-0.109,0.5417789033362406,0.40138,0.1307646302321833,0.0028929715305683334,6.0,inf,-0.022515167239295364,556269504.0,11217583.353792142,0.9375,Household & Personal Products,Watchlist,0,False
26,AMBP,Ardagh Metal Packaging S.A.,Consumer Cyclical,4.355000019073486,62.2,81.2,73.7,40.4,46.0,57.7,,0.177,0.34973462145630596,0.12769,0.1016611088775269,0.19020206137742757,6.0,inf,1.1256490982436418e-05,2603011072.0,10628278.190655105,0.875,Packaging & Containers,Watchlist,0,False
27,MNKD,MannKind Corporation,Healthcare,4.010900020599365,62.1,79.2,62.5,50.9,58.9,39.1,,0.429,-0.2560296237082379,0.75386,0.03125555485419448,0.9867735318940203,8.0,inf,0.011685189421509312,1289682816.0,16918394.053473767,0.8125,Biotechnology,Watchlist,0,False
28,GGB,Gerdau S.A.,Basic Materials,4.71999979019165,61.8,60.5,82.5,59.5,56.8,38.4,,0.02,0.5174276965797857,0.13104999,0.28594821204593945,0.1958015362053276,5.0,inf,-0.03033176241877855,9259706368.0,59895019.14256708,0.9375,Steel,Watchlist,0,False
29,RERE,ATRenew Inc.,Consumer Cyclical,3.755000114440918,61.4,69.8,34.1,50.1,80.4,75.6,,0.324,-0.10120037028572526,0.20727,,0.7623291074081062,4.0,inf,-0.002508189063736399,831698240.0,3735603.320113929,0.875,Internet Retail,Watchlist,0,False
30,GSM,Ferroglobe PLC,Basic Materials,4.050000190734863,61.3,47.1,54.5,53.1,86.5,83.3,,-0.021,-0.04485094966987124,0.3707,0.08800830917006652,,1.0,inf,0.0012573069250403357,756785088.0,5936607.480552721,0.8125,Other Industrial Metals & Mining,Watchlist,0,False
31,WTI,"W&T Offshore, Inc.",Energy,3.634999990463257,61.1,63.0,80.6,57.1,40.8,64.9,,0.329,1.021496559295592,0.43345,0.22565891660041282,0.14167813229378035,3.0,inf,0.017687955601410676,548677632.0,14423177.526911596,0.875,Oil & Gas E&P,Watchlist,0,False
32,VTEX,VTEX,Technology,3.6700000762939453,61.1,61.3,47.2,70.6,54.5,82.4,,0.095,-0.18735890651655585,0.79258,0.06565534343059597,0.5177111401111252,10.0,inf,-0.09139810429939232,625684032.0,3070411.9915846824,0.9375,Software - Application,Watchlist,0,False
33,RPC,"Ridgepost Capital, Inc.",Financial Services,7.335000038146973,60.7,75.3,44.0,56.3,49.9,80.4,,0.113,-0.21673984995529438,0.55280995,0.06583810464781,0.7382412997534229,4.0,inf,0.003195367021342266,808598976.0,4613650.796432495,0.9375,Asset Management,Watchlist,0,False
34,BB,BlackBerry Limited,Technology,9.121399879455566,60.6,74.2,94.4,63.2,19.3,29.3,,0.26,0.6299999237060547,0.77866,0.02585648604332883,0.0743964884242021,7.0,inf,-0.014242130115410423,5354555904.0,133476890.00479063,1.0,Software - Infrastructure,Watchlist,0,False
35,EVC,Entravision Communications Corp,Communication Services,7.28000020980835,60.5,46.4,93.7,41.1,72.1,52.3,,1.262,2.5316186044933433,0.25645,0.09950191921255845,,,inf,0.014141761862167757,671858880.0,13673687.852158062,0.8125,Advertising Agencies,Watchlist,0,False
36,PANL,Pangaea Logistics Solutions Ltd,Industrials,8.015000343322754,60.5,52.3,79.0,47.6,53.1,88.7,,0.194,0.6072371338144456,0.20472999,0.12079282687775911,0.35371173240673226,3.0,inf,0.001478116118789341,524772320.0,3059522.18606747,0.875,Marine Shipping,Watchlist,0,False
37,SPT,"Sprout Social, Inc",Technology,9.800000190734863,60.3,73.1,71.8,55.9,42.7,43.3,,0.108,-0.17595946642579663,0.77445,0.17515257297684256,0.06575916293087469,9.0,inf,0.030078045028492983,593803712.0,11602080.858463606,0.875,Software - Application,Watchlist,0,False
38,ASM,Avino Silver & Gold Mines Ltd.,Basic Materials,5.554999828338623,60.2,80.8,49.6,70.1,52.7,65.2,dilution 19% YoY,0.228,0.37218044270384953,0.56176,0.0222730257521821,0.9374438042455933,4.0,inf,0.19238407085866305,943545984.0,24759758.90613276,0.9375,Other Precious Metals & Mining,Watchlist,0,False
39,COMP,"Compass, Inc.",Real Estate,8.975000381469727,60.2,86.2,66.3,35.2,70.0,50.0,dilution 46% YoY,1.09,0.2846715421620909,0.14214,0.09698297916265212,0.7177347459316097,12.0,inf,0.4588087245668975,6889610752.0,138598508.81326008,1.0,Real Estate Services,Watchlist,0,False
40,CRON,Cronos Group Inc. Common Share,Healthcare,3.2850000858306885,60.1,43.5,78.5,69.1,46.4,82.7,,0.584,0.13468008521738195,0.43016,0.005045915463410729,,1.0,inf,-0.034081890114579294,1210236288.0,3544288.8677229243,0.875,Drug Manufacturers - Specialty & Generic,Watchlist,0,False
41,SMWB,Similarweb Ltd.,Technology,7.800000190734863,60.0,66.4,82.0,38.3,45.2,70.0,,0.088,-0.032291709093582255,0.79818,0.04223222252708453,0.3888884275757123,6.0,inf,0.03999774579387805,688339904.0,6745414.007815694,0.9375,Software - Application,Watchlist,0,False
42,GDYN,"Grid Dynamics Holdings, Inc.",Technology,7.84499979019165,59.9,53.6,75.0,60.6,50.2,66.8,,0.07,0.03100778489049616,0.34715,0.03569815896534938,0.1727215100123345,5.0,inf,-0.04178911165184984,636440384.0,9967094.09794716,0.9375,Information Technology Services,Watchlist,0,False
43,NXDR,"Nextdoor Holdings, Inc.",Communication Services,2.440000057220459,59.5,49.8,81.9,64.1,44.9,63.9,,0.145,0.06132081200873962,0.84188,0.02460008942665773,0.3729507874750515,4.0,inf,-0.002159714542077862,930586048.0,5516900.909637872,0.875,Internet Content & Information,Watchlist,0,False
44,SNAP,Snap Inc.,Communication Services,5.485000133514404,59.2,82.3,53.6,45.7,46.9,52.2,,0.189,-0.3392856615741213,0.57333,0.07699882396226965,0.3480929480419641,35.0,inf,-4.101405203660313e-05,9276219392.0,188060690.18547004,0.9375,Internet Content & Information,Watchlist,0,False
45,BTG,B2Gold Corp,Basic Materials,5.235000133514404,59.1,66.4,74.3,62.3,40.4,37.6,,0.14,0.11464173181208914,0.63159,0.04312939535805178,0.2320916591209201,5.0,inf,-0.00136876963253163,6915805184.0,120877563.94657625,0.9375,Gold,Watchlist,0,False
46,TRX,TRX Gold Corporation,Basic Materials,1.2050000429153442,59.1,89.4,63.0,60.9,57.9,58.8,dilution 16% YoY; runway < 24 mo,1.633,0.8095238005132812,0.63854,-0.062320671853190915,0.9605808430381726,4.0,13.097851978950658,0.15762884471893868,394606208.0,3192726.7158717276,0.875,Gold,Watchlist,0,False
47,NWL,Newell Brands Inc.,Consumer Defensive,5.264999866485596,58.9,66.9,84.1,44.8,50.9,28.4,,0.03,0.31204424625774796,0.35467997,0.18222960357711726,0.2642450463048289,8.0,inf,0.0187365748258721,2242363392.0,44307699.71744772,0.9375,Household & Personal Products,Watchlist,0,False
48,YMM,Full Truck Alliance Co. Ltd.,Technology,8.3100004196167,58.8,39.3,44.4,89.7,72.4,57.2,,0.044,-0.33933520962480246,0.87264997,0.6917981209699662,0.5030433657398199,15.0,inf,-0.0009084303349053968,8691381248.0,57829594.80057896,1.0,Software - Application,Watchlist,0,False
49,MYI,Blackrock MuniYield Quality Fun,Financial Services,9.680000305175781,58.8,72.9,53.6,54.0,50.0,54.3,,0.063,0.03445703914979026,1.0,0.01520339022101681,,,inf,0.0,643403008.0,4244612.477761777,0.75,Asset Management,Watchlist,0,False
50,WEAV,"Weave Communications, Inc.",Healthcare,7.364999771118164,58.4,71.5,80.0,47.4,29.1,56.4,,0.155,0.05331410410784221,0.72393,0.06645500214623196,0.004752237606182819,3.0,inf,0.03926766312728591,592517504.0,20124488.42265463,0.875,Health Information Services,Watchlist,0,False
51,PLTK,Playtika Holding Corp.,Communication Services,2.1600000858306885,58.4,60.6,17.3,66.4,80.1,74.5,,0.05,-0.4048136041318797,0.73477,0.48612433876408545,1.2106480603048868,10.0,inf,0.013553016210470448,823863296.0,4242637.76561439,0.875,Electronic Gaming & Multimedia,Watchlist,0,False
52,ABX,"Abacus Global Management, Inc.",Financial Services,8.140000343322754,58.3,58.5,65.1,56.9,50.6,62.3,,0.299,0.6714410874936521,0.88377,0.11843197738663086,0.7301387476663392,6.0,inf,0.05734853585472721,796028928.0,5654112.329348596,1.0,Insurance - Life,Watchlist,0,False
53,NAT,Nordic American Tankers Limited,Energy,7.909999847412109,58.1,50.6,94.1,59.6,34.5,52.4,,0.975,1.3852132756174682,0.53238,0.04332396496924198,,2.0,inf,0.0,1674947712.0,25929839.351641655,0.8125,Oil & Gas Midstream,Watchlist,0,False
54,HPK,"HighPeak Energy, Inc.",Energy,8.170000076293945,58.0,67.4,79.3,52.5,49.5,65.5,short interest > 20%,0.258,0.1653627216214102,0.72227997,0.06669836871511149,,1.0,inf,0.002541109854441004,1033119360.0,3743092.624931431,0.9375,Oil & Gas E&P,Watchlist,0,False
55,SABR,Sabre Corporation,Technology,2.134999990463257,57.9,59.1,83.8,54.2,33.3,58.6,,0.036,0.1793478461570457,0.56426,0.11701356571053287,-0.0023419159183096783,5.0,inf,0.022991516849538485,861650112.0,9057556.897567507,0.8125,Software - Infrastructure,Watchlist,0,False
56,ECVT,Ecovyst Inc.,Basic Materials,9.824999809265137,57.9,77.3,43.0,47.1,54.6,58.0,,0.42,0.1622857230050223,0.21293,0.11706713761468981,0.5436814549042108,6.0,inf,-0.04384108257744912,1075527040.0,14242349.792331282,1.0,Specialty Chemicals,Watchlist,0,False
57,COUR,"Coursera, Inc.",Consumer Defensive,5.065000057220459,57.8,82.8,29.3,64.6,74.4,43.5,dilution 68% YoY,0.596,-0.45981771783122916,0.55896,0.27343102069115943,0.612373130846845,9.0,inf,0.6788990825688073,1339186048.0,33173761.085152626,0.875,Education & Training Services,Watchlist,0,False
58,UGP,Ultrapar Participacoes S.A. (Ne,Energy,7.389999866485596,57.7,50.7,89.9,47.5,51.4,47.5,,0.219,0.680769154400682,0.08392,0.7398317868740396,0.02435725801981725,6.0,inf,0.0009566280568589214,7874931712.0,25174003.77121118,0.9375,Oil & Gas Refining & Marketing,Watchlist,0,False
59,EVH,"Evolent Health, Inc",Healthcare,3.5199999809265137,57.6,70.2,50.4,37.3,72.4,45.0,,0.469,-0.48688714194805316,0.17245,0.4630890119082281,0.6335227361241402,12.0,inf,-0.02803609974922261,397968864.0,12806491.596269408,0.9375,Health Information Services,Watchlist,0,False
60,CCC,CCC Intelligent Solutions Holdi,Technology,6.65500020980835,57.5,74.8,60.3,56.5,33.4,50.2,,0.098,-0.1978494747151719,0.75095004,0.074006541592556,0.3148008601267922,10.0,inf,-0.10748361456989752,3919759872.0,71478382.39644724,0.9375,Software - Application,Watchlist,0,False
61,LSPD,Lightspeed Commerce Inc. Subord,Technology,9.75,57.5,63.8,56.8,59.2,48.2,54.9,,0.058,-0.11428568909863668,0.43092,0.034961442627834405,0.11242564102564101,13.0,inf,-0.0436829018699354,1260670976.0,7284913.124243545,0.9375,Software - Application,Watchlist,0,False
62,SB,"Safe Bulkers, Inc",Industrials,8.489999771118164,57.4,46.7,89.7,50.4,39.9,73.4,,0.33,0.9620051142333441,0.63644004,0.010952239879804414,,2.0,inf,-0.004755917994176295,966446144.0,9353942.804590702,0.8125,Marine Shipping,Watchlist,0,False
63,ARVN,"Arvinas, Inc.",Healthcare,7.835000038146973,57.4,49.4,36.8,71.3,81.6,46.7,,10.147,0.07854631855428784,0.97157997,-0.18446192958749674,0.7777370685621843,14.0,72.11428977777778,-0.10792349726775952,512300832.0,6675351.795849085,0.9375,Biotechnology,Watchlist,0,False
64,PERI,Perion Network Ltd,Communication Services,8.729999542236328,57.4,56.7,49.8,58.2,69.6,48.9,,-0.046,0.008273001352107068,0.33992,0.15276535808129682,0.4891180620462947,3.0,inf,-0.12258176248001318,360574208.0,3868481.7157244366,0.875,Internet Content & Information,Watchlist,0,False
65,HUYA,HUYA Inc.,Communication Services,2.305000066757202,57.2,72.3,25.9,52.5,73.3,52.0,,0.11,-0.3181894418925807,0.14207,,0.5266921900573973,11.0,inf,0.02703458336948228,526383872.0,2130424.7589843115,0.875,Entertainment,Watchlist,0,False
66,PAYO,Payoneer Global Inc.,Technology,7.135000228881836,57.1,62.3,81.2,49.8,32.4,57.5,,0.052,0.13036568785921032,0.85370004,-0.028577768668076216,0.037140821670260005,4.0,60.14893426342565,-0.06491012548875863,2417700864.0,25622078.03588454,0.875,Software - Infrastructure,Watchlist,0,False
67,OGG,Osisko Gold Group Inc.,Basic Materials,2.8499999046325684,57.1,96.4,42.5,53.3,27.0,86.2,dilution 122% YoY,3.771,-0.12827989756759528,0.64631,-0.3227470273889924,,1.0,35.71507926730847,1.2156748391598713,871637760.0,4847074.966827869,0.6875,Gold,Watchlist,0,False
68,TBLA,Taboola.com Ltd.,Communication Services,3.434999942779541,57.0,44.4,56.6,49.8,75.6,72.4,,0.024,0.0749279505243663,0.29754,0.12514577841570465,0.688500755929196,5.0,inf,-0.09154076384297405,927983744.0,10312822.410985183,0.9375,Internet Content & Information,Watchlist,0,False
69,CRNC,Cerence Inc.,Technology,7.900000095367432,57.0,72.3,48.1,57.8,51.4,38.3,,0.118,-0.2990033548900165,0.78695,0.1979890240385735,0.36075947724403346,4.0,inf,0.044466739090236684,357319040.0,5795108.877047269,0.875,Software - Application,Watchlist,0,False
70,SWIM,"Latham Group, Inc.",Industrials,6.204999923706055,56.9,62.5,62.2,50.8,48.8,57.9,,0.144,-0.05984040032001359,0.33379,0.07065743160973775,0.387321531965227,6.0,inf,0.008573332652914933,729993984.0,5419347.757660071,0.9375,Building Products & Equipment,Watchlist,0,False
71,NUV,"Nuveen Municipal Value Fund, In",Financial Services,8.265000343322754,56.9,57.3,54.4,69.0,50.0,49.9,,0.062,0.048785246786071434,1.0,,,,inf,0.0,1736096640.0,6287545.729194704,0.6875,Asset Management,Watchlist,0,False
72,OIS,"Oil States International, Inc.",Energy,8.020000457763672,56.7,55.1,46.6,60.3,60.1,67.5,,-0.053,0.3933648974928159,0.21822001,0.16419969351168956,0.37157099403299565,4.0,inf,-0.004395816634609306,483787456.0,4996040.143086751,0.9375,Oil & Gas Equipment & Services,Watchlist,0,False
73,WEST,Westrock Coffee Company,Consumer Defensive,8.039999961853027,56.5,58.1,91.6,25.7,46.3,63.6,,0.088,0.6365545351418951,0.12516,0.045822419327747534,0.24378110042866719,4.0,inf,0.030821049964100178,784924160.0,2948120.9544331073,0.875,Packaged Foods,Watchlist,0,False
74,CERS,Cerus Corporation,Healthcare,2.4100000858306885,56.4,49.7,79.4,39.3,65.5,46.8,,0.095,0.7368421960735596,0.52049,0.001802131025033102,1.1265559408615102,4.0,inf,0.05311626164736438,485675008.0,5741161.439389968,0.875,Medical Devices,Watchlist,0,False
75,RLX,RLX Technology Inc.,Consumer Defensive,1.7050000429153442,56.3,47.7,28.4,57.3,77.6,92.9,,0.155,-0.2709163147934549,0.34938,-0.2982043158284346,0.6287861760117774,6.0,169.13582817251216,0.0031277237385878287,2083944192.0,5864034.451246347,0.9375,Tobacco,Watchlist,0,False
76,ECC,Eagle Point Credit Company Inc.,Financial Services,3.4800000190734863,56.3,43.8,45.2,79.2,62.1,59.0,,-0.218,-0.21699223181818228,1.0,0.13123674422234927,1.44252872224496,4.0,inf,0.05286921236572373,462877408.0,3029838.4837103845,0.9375,Asset Management,Watchlist,0,False
77,HLMN,Hillman Solutions Corp.,Industrials,7.014999866485596,56.1,66.0,36.2,53.4,64.4,55.4,,0.098,-0.16122009223422407,0.48049998,0.04400476103071691,0.7284390920558113,8.0,inf,-0.013980521321007688,1364733056.0,11921222.394599827,1.0,Tools & Accessories,Watchlist,0,False
78,BSBR,Banco Santander Brasil SA,Financial Services,5.585000038146973,55.8,70.8,60.3,43.8,31.7,73.6,,0.288,0.07443063157445473,0.0,,0.2115792218051784,3.0,inf,0.002229510305598259,41817841664.0,20310112.81985102,0.6875,Banks - Regional,Watchlist,0,False
79,TWI,"Titan International, Inc. (DE)",Industrials,6.715000152587891,55.8,53.5,45.4,38.9,78.2,72.1,,0.052,-0.06258148817456288,0.13425,0.07208494209420703,0.7870438908888671,4.0,inf,0.009900932416994968,433401888.0,3956811.902235635,0.9375,Farm & Heavy Construction Machinery,Watchlist,0,False
80,REAL,"The RealReal, Inc.",Consumer Cyclical,8.8149995803833,55.8,67.3,41.7,42.5,68.3,51.6,,0.166,-0.04655493581523085,0.74497,0.03279614485221467,1.0419740053143949,8.0,inf,0.0557982453372583,1072530816.0,31551021.088245425,0.875,Luxury Goods,Watchlist,0,False
81,AIOT,"PowerFleet, Inc.",Technology,2.819999933242798,55.8,66.3,25.7,46.6,79.5,55.2,,0.064,-0.4296578194944801,0.55745,0.06809401957567633,1.9787234747699451,5.0,inf,0.005867673838267917,378517088.0,5599698.070846582,0.9375,Software - Application,Watchlist,0,False
82,GAB,"Gabelli Equity Trust, Inc. (The",Financial Services,5.244999885559082,55.8,72.0,57.4,73.5,9.6,60.6,,0.366,0.013545685746014335,1.0,0.0023535047783989037,,,inf,0.01286282425444174,1801025024.0,4794161.990281312,0.8125,Asset Management,Watchlist,0,False
83,BULL,Webull Corporation,Technology,6.96999979019165,55.6,45.2,56.5,63.4,57.0,66.9,,0.519,-0.39035373466523915,0.77176005,,0.8292683477468827,4.0,inf,0.09441779309200715,3692457984.0,109156721.54335111,0.875,Software - Application,Watchlist,0,False
84,CRMD,CorMedix Inc.,Healthcare,7.699999809265137,55.4,49.3,52.4,76.3,76.0,47.2,short interest > 20%,1.565,-0.3029535896219635,0.90212,0.2968197024507991,0.9913416077686064,6.0,inf,0.04082335445016083,600171264.0,8387997.578419924,1.0,Biotechnology,Watchlist,0,False
85,GERN,Geron Corporation,Healthcare,1.2599999904632568,55.4,67.0,49.4,45.5,69.3,24.1,,0.172,0.13740463711416684,0.58502996,-0.09681304079195521,2.3730158985457033,4.0,46.06491257207061,0.007243494380421822,809516480.0,14658092.89016773,0.875,Biotechnology,Watchlist,0,False
86,TIC,"TIC Solutions, Inc.",Industrials,8.414999961853027,55.3,82.9,53.7,42.7,53.0,55.5,dilution 80% YoY,0.861,-0.33450213051908906,0.33927,-0.005268132867586677,0.44300178907262633,7.0,449.5596444076907,0.802717124500463,1836324224.0,16602565.084177557,0.875,Specialty Business Services,Watchlist,0,False
87,MUA,"Blackrock MuniAssets Fund, Inc",Financial Services,9.510000228881836,55.1,59.5,47.7,63.5,50.0,50.1,,-0.021,-0.062155229406799406,1.0,0.024037185228078368,,,inf,0.0,638499136.0,3581399.2081203777,0.75,Asset Management,Watchlist,0,False
88,LZ,"LegalZoom.com, Inc.",Industrials,5.5971999168396,55.1,71.5,33.0,55.4,56.0,47.5,,0.066,-0.43026979606719906,0.66700995,0.1301582375373026,0.357821788200708,5.0,inf,-0.0701351058690256,958603392.0,18018252.392130382,0.875,Specialty Business Services,Watchlist,0,False
89,ACCO,Acco Brands Corporation,Industrials,4.244999885559082,55.0,31.3,81.0,46.3,77.3,47.3,,0.051,0.1689139693239574,0.32775003,0.10495205254314455,0.8845701332560509,3.0,inf,0.02328159645232808,391845600.0,2835171.6286456585,0.9375,Business Equipment & Supplies,Watchlist,0,False
90,BFLY,"Butterfly Network, Inc.",Healthcare,9.074999809265137,54.6,63.8,98.7,54.1,19.8,59.7,deep operating losses,0.395,3.0255100576145786,0.68158996,0.000383037617078559,0.25619837350973285,5.0,inf,0.0533214556576711,2416538112.0,50547906.24429784,0.9375,Medical Devices,Watchlist,0,False
91,ITRG,Integra Resources Corp.,Basic Materials,2.555000066757202,54.6,67.9,43.3,58.4,58.9,70.8,dilution 20% YoY,0.159,-0.05723908237586606,0.47359002,-0.05701872103025118,,2.0,45.22383326830231,0.19981852984858262,518340704.0,6195026.491923304,0.9375,Other Precious Metals & Mining,Watchlist,0,False
92,TIGR,UP Fintech Holding Limited,Financial Services,4.574999809265137,54.6,51.5,14.0,66.6,79.5,71.5,,0.324,-0.5359115910510923,0.87201,,0.6854448790105134,11.0,inf,0.012061621250866628,822792512.0,10212390.989399275,0.875,Capital Markets,Watchlist,0,False
93,SATL,Satellogic Inc.,Industrials,5.684999942779541,54.5,74.4,75.6,40.9,39.7,59.5,dilution 46% YoY,2.585,0.466867464904533,0.78929,-0.02155163828723282,0.7941952687185005,5.0,71.86669028055078,0.46048239002366187,874011328.0,25788148.029534508,0.9375,Aerospace & Defense,Watchlist,0,False
94,PTON,"Peloton Interactive, Inc.",Consumer Cyclical,4.994999885559082,54.5,52.1,49.6,66.7,63.1,30.1,,0.001,-0.38177622994836524,0.52604,0.16142720610878505,0.5815816178173479,15.0,inf,0.07928524267245618,2192164608.0,46887181.059097834,0.9375,Leisure,Watchlist,0,False
95,GGN,"GAMCO Global Gold, Natural Reso",Financial Services,5.308800220489502,54.4,62.3,68.3,72.2,11.1,53.7,,0.143,0.16211799868373533,1.0,,,,inf,0.0010648501214756134,829366080.0,2793730.580440529,0.6875,Asset Management,Watchlist,0,False
96,ARDX,"Ardelyx, Inc.",Healthcare,3.424999952316284,54.3,77.7,12.6,44.6,76.5,42.5,,0.238,-0.3285968215712657,0.75024,0.023146189687552405,2.7664234101013325,10.0,inf,0.03481206586079377,884292416.0,16364099.112016695,0.875,Biotechnology,Watchlist,0,False
97,OABI,"OmniAb, Inc.",Healthcare,4.934999942779541,54.0,58.9,99.2,58.7,38.4,70.8,dilution 18% YoY; deep operating losses,2.442,1.7204969413191908,0.98276,-0.0003972116400705274,0.7021276793103399,5.0,2189.2631578947367,0.18491332291899054,717501632.0,5601778.219218095,0.875,Biotechnology,Watchlist,0,False
98,MAX,"MediaAlpha, Inc.",Communication Services,9.640000343322754,54.0,46.4,58.0,39.6,73.1,59.5,,0.259,0.09834640008273476,0.14706999,0.04857119529412177,0.6004740093901304,7.0,inf,-0.059788626646196996,510685888.0,10374858.580926117,0.875,Internet Content & Information,Watchlist,0,False
99,NUVB,Nuvation Bio Inc.,Healthcare,5.744999885559082,53.9,75.9,81.0,43.6,55.0,52.1,short interest > 20%; deep operating losses,5.556,1.0683229156015268,0.88175005,-0.05557819372288205,1.280243735588022,10.0,70.74565875332934,0.022174669057809515,2017202944.0,34677259.42353689,0.9375,Biotechnology,Watchlist,0,False
100,NEA,Nuveen AMT-Free Quality Municip,Financial Services,9.954999923706055,53.8,48.7,51.6,68.0,50.0,52.2,,-0.014,0.06027319370959594,1.0,0.02479714487450067,,,inf,,3007679488.0,14332529.321504911,0.75,Asset Management,Watchlist,0,False
101,UA,"Under Armour, Inc.",Consumer Cyclical,4.333600044250488,53.6,44.0,33.6,43.9,89.6,70.1,,-0.032,0.0164948299544585,0.45624,0.0549120618167023,,,inf,0.0018122193939238418,1861478528.0,14323507.476819038,0.75,Apparel Manufacturing,Watchlist,0,False
102,PML,Pimco Municipal Income Fund II ,Financial Services,6.59499979019165,53.6,89.7,47.8,65.0,15.0,11.4,,0.971,-0.008475333815357144,1.0,0.30990075377278614,,,inf,0.000289538495915842,438527904.0,3306598.246774308,0.6875,Asset Management,Watchlist,0,False
103,PACK,Ranpak Holdings Corp,Consumer Cyclical,4.190000057220459,53.4,57.6,48.0,42.8,59.2,61.4,,0.14,-0.10037882362652162,0.33573002,0.0646694654080657,0.6905321964837641,3.0,inf,0.0166472705724261,359327232.0,2536174.1513328315,0.875,Packaging & Containers,Watchlist,0,False
104,CXM,"Sprinklr, Inc.",Technology,4.96999979019165,53.3,48.5,42.5,59.0,71.4,41.5,,0.008,0.043202053053617906,0.65594,0.08715268695468707,0.6976861883679553,8.0,inf,-0.0328415556479118,1153891584.0,21104589.243978303,1.0,Software - Application,Watchlist,0,False
105,ALHC,"Alignment Healthcare, Inc.",Healthcare,8.039999961853027,53.3,81.6,11.6,40.2,93.3,47.9,down >60% from 52w high,0.316,-0.2320917459792109,0.12549,0.11307368767230105,1.7650211573976602,13.0,inf,0.046575258194484714,1667778560.0,90934873.79212162,1.0,Healthcare Plans,Watchlist,0,False
106,TGB,Trekor Metals Limited,Basic Materials,8.914999961853027,53.2,76.6,89.5,42.3,40.2,58.2,dilution 16% YoY; runway < 24 mo,1.848,1.1371158205888365,0.46655998,-0.032022944027823845,,1.0,21.512125098091754,0.15594863433562112,3263097856.0,46942242.4701527,0.875,Copper,Watchlist,0,False
107,NMFC,New Mountain Finance Corporatio,Financial Services,6.970099925994873,53.2,59.2,49.6,64.2,25.2,76.4,,-0.264,-0.11859171725932349,1.0,0.10707970114137777,0.1896056136980695,6.0,inf,-0.11666236294011956,658342592.0,3553537.132823491,0.9375,Asset Management,Watchlist,0,False
108,SSYS,"Stratasys, Ltd.",Technology,8.369999885559082,53.1,44.8,48.6,54.5,59.4,71.9,,-0.003,-0.31476571949918186,0.42375,0.0204694927740375,0.4336917758749108,3.0,inf,0.030641422402127416,733103168.0,5288555.516876126,0.875,Computer Hardware,Watchlist,0,False
109,GDRX,"GoodRx Holdings, Inc.",Healthcare,3.315000057220459,53.1,46.6,71.6,56.8,39.6,55.6,,-0.013,-0.18648017702329567,0.90826,0.09947779359719809,0.1915535239272279,12.0,inf,-0.03583858367042647,1130896896.0,4409389.360602363,1.0,Health Information Services,Watchlist,0,False
110,SUPV,Grupo Supervielle S.A.,Financial Services,7.199999809265137,53.0,51.0,44.6,26.5,78.4,77.7,,0.023,0.6336448461522761,0.0,,0.7166389343642907,5.0,inf,-4.569014200317412e-08,680459072.0,4521580.98306009,0.75,Banks - Regional,Watchlist,0,False
111,GENI,Genius Sports Limited,Communication Services,5.824999809265137,52.6,82.2,45.4,33.9,58.5,53.9,dilution 12% YoY,0.647,-0.4475055913859991,0.27446,0.10318667806541312,0.8679743100923305,21.0,inf,0.1224022297822498,1558926976.0,44737579.41211883,0.9375,Internet Content & Information,Watchlist,0,False
112,ICL,ICL Group Ltd.,Basic Materials,5.045000076293945,52.6,59.9,52.7,45.9,42.1,64.7,,0.165,-0.08082455991519066,0.30628002,0.019848967079471615,0.15213080517331923,4.0,inf,1.588319238354785e-07,6511673856.0,6228536.612269052,1.0,Agricultural Inputs,Watchlist,0,False
113,OPK,"Opko Health, Inc.",Healthcare,1.6299999952316284,52.5,21.3,76.5,46.0,71.9,72.1,,0.043,0.0,0.19472,0.04501413690664081,1.6840490876064682,4.0,inf,-0.04338329103203764,1216515072.0,5043315.077530978,0.875,Diagnostics & Research,Watchlist,0,False
114,ARCO,Arcos Dorados Holdings Inc.,Consumer Cyclical,7.159999847412109,51.9,50.1,53.1,30.1,68.8,64.8,,0.143,0.18756441645842536,0.1225,0.08545312617214378,0.5766606481256038,9.0,inf,0.0,1508347392.0,8976424.994830895,1.0,Restaurants,Below threshold,0,False
115,NRDS,"NerdWallet, Inc.",Communication Services,8.755000114440918,51.9,45.2,38.5,72.8,60.9,39.0,,0.056,-0.10181817141446203,0.935,0.2028285865924043,0.3478012388071261,5.0,inf,-0.150804939978464,559647424.0,6402428.592354473,1.0,Internet Content & Information,Below threshold,0,False
116,AGNT,"AGNT, Inc.",Real Estate,3.6600000858306885,51.9,72.6,7.6,43.3,95.5,58.2,down >60% from 52w high,0.107,-0.6168809982993411,0.068280004,0.16435991171482284,,2.0,inf,0.07010865079417417,601425536.0,6192289.225221848,0.75,Real Estate Services,Below threshold,0,False
117,AVR,Anteris Technologies Global Cor,Healthcare,7.795000076293945,51.9,59.5,86.3,56.4,40.6,73.5,dilution 170% YoY; deep operating losses,0.633,0.9747705029855365,0.74977994,-0.0673864070743733,0.9670724631076693,3.0,60.28371201352806,1.701178707888583,758782464.0,7099267.566083272,0.9375,Medical Devices,Below threshold,0,False
118,KRNY,Kearny Financial,Financial Services,9.109999656677246,51.6,52.2,81.6,42.7,21.6,68.0,,0.149,0.5865844409040337,0.0,,0.17087490691415996,3.0,inf,0.005770330553442227,575508544.0,5515695.812307072,0.75,Banks - Regional,Below threshold,0,False
119,ALLT,Allot Ltd.,Technology,8.505000114440918,51.5,55.2,62.4,61.6,48.9,53.9,dilution 23% YoY,0.153,-0.2114402635063517,0.71300006,0.04689048091173892,0.5849500080678267,5.0,inf,0.23094348080462468,419322848.0,2242790.2664334774,0.875,Software - Infrastructure,Below threshold,0,False
120,ANGX,"Angel Studios, Inc.",Communication Services,4.625,51.3,58.3,69.0,32.7,58.8,67.2,dilution 16% YoY,0.275,-0.24007219004766822,0.57936,0.009426330714100158,0.7729729729729728,5.0,inf,0.16075664437255166,863747968.0,7523310.675221061,0.875,Entertainment,Below threshold,0,False
121,MUC,Blackrock MuniHoldings Californ,Financial Services,9.734999656677246,51.3,48.5,55.1,54.2,50.0,48.9,,0.073,0.03119228985432354,1.0,0.014719253779964997,,,inf,0.0,916880448.0,4898291.693207534,0.6875,Asset Management,Below threshold,0,False
122,PRTH,"Priority Technology Holdings, I",Technology,7.795000076293945,51.3,46.4,71.8,53.3,33.2,57.0,,0.094,-0.22707423126144466,0.39352,0.14484613472424052,-0.014325859551118536,3.0,inf,0.03157341331564578,642870976.0,6970381.063930988,0.9375,Software - Infrastructure,Below threshold,0,False
123,CX,"Cemex, S.A.B. de C.V. Sponsored",Basic Materials,9.550000190734863,51.2,57.7,46.6,46.4,60.7,31.4,,0.122,0.1921296052985717,0.32968,0.0814561258292294,0.5511340004339969,15.0,inf,0.0,13780196352.0,75348063.15895055,0.9375,Building Materials,Below threshold,0,False
124,DNP,"DNP Select Income Fund, Inc.",Financial Services,9.645000457763672,51.2,58.9,60.4,68.1,12.3,53.9,,0.043,0.16244392940283658,1.0,0.01392668967434469,,,inf,0.016355401253765445,3653551360.0,7196606.980870501,0.8125,Asset Management,Below threshold,0,False
125,NRK,Nuveen New York AMT-Free Qualit,Financial Services,9.244999885559082,51.2,61.9,55.6,70.0,14.4,46.8,,-0.018,0.0962831833401041,1.0,,,,inf,0.0,806490368.0,3397375.883651654,0.75,Asset Management,Below threshold,0,False
126,MQY,Blackrock MuniYield Quality Fun,Financial Services,9.970000267028809,51.1,47.6,50.1,56.6,50.0,54.8,,0.071,0.000982187747049501,1.0,0.04742907068611286,,,inf,0.0,716181184.0,6422703.353983927,0.6875,Asset Management,Below threshold,0,False
127,MNSO,MINISO Group Holding Limited,Consumer Cyclical,9.295000076293945,50.9,66.4,7.9,49.6,72.2,50.3,,0.17,-0.5759847924669508,0.44946998,0.8401479087308192,0.5719104766081493,16.0,inf,-0.019364431402642657,2725590016.0,8917966.617274126,0.9375,Specialty Retail,Below threshold,0,False
128,CCO,"Clear Channel Outdoor Holdings,",Communication Services,2.365000009536743,50.9,41.3,70.4,54.9,37.5,59.1,,0.087,0.5095540168024348,0.54219,0.06691687165330824,,2.0,inf,0.024400394834098282,1204006912.0,16306081.062682731,0.75,Advertising Agencies,Below threshold,0,False
129,VMO,Invesco Municipal Opportunity T,Financial Services,8.40999984741211,50.6,62.2,52.6,67.5,15.6,48.3,,-0.004,0.0825847546531231,1.0,0.04555716259683904,,,inf,0.0,567176192.0,2436628.1711938856,0.8125,Asset Management,Below threshold,0,False
130,HIVE,HIVE Digital Technologies Ltd,Financial Services,2.940999984741211,50.5,67.2,62.7,44.8,66.0,56.4,dilution 33% YoY; deep operating losses,0.735,-0.2779220674668861,0.35094002,0.17376316665768796,1.380142820917408,9.0,inf,0.3263250820477148,806649664.0,52300965.61887462,0.875,Capital Markets,Below threshold,0,False
131,STUB,"StubHub Holdings, Inc.",Communication Services,5.635000228881836,50.4,68.9,17.8,57.4,74.9,47.0,down >60% from 52w high,0.332,-0.6286379510413147,0.82089996,0.5065242590265904,0.974267887866183,12.0,inf,0.03318513377343146,2153076992.0,49649755.60819915,0.9375,Internet Content & Information,Below threshold,0,False
132,PHAT,"Phathom Pharmaceuticals, Inc.",Healthcare,7.340000152587891,50.1,82.7,19.8,44.5,66.5,41.1,dilution 14% YoY,0.88,-0.15533982707266758,0.82922995,-0.054945128302239,1.786723375310594,11.0,67.1139754763552,0.14215438688584459,593812864.0,12653886.317584038,0.8125,Biotechnology,Below threshold,0,False
133,LXU,"LSB Industries, Inc.",Basic Materials,9.774999618530273,50.0,56.3,42.6,44.8,48.0,60.7,,0.111,0.32054457636677003,0.17323999,0.1276655202708718,0.3299233255575946,5.0,inf,0.0008471303892827464,703775552.0,8607953.965940157,0.9375,Chemicals,Below threshold,0,False
134,LYG,Lloyds Banking Group Plc,Financial Services,5.635000228881836,49.9,49.9,75.4,45.9,27.9,50.7,,0.123,0.3605883177324254,0.0,,0.1672581602193095,4.0,inf,-0.028780816716289404,81080377344.0,85015889.83963877,0.75,Banks - Regional,Below threshold,0,False
135,CTKB,"Cytek Biosciences, Inc.",Healthcare,5.965000152587891,49.9,51.7,85.9,53.0,25.5,65.3,deep operating losses,0.056,0.4142011976230373,0.51875,0.011988615816907619,-0.06747697272283681,4.0,inf,0.021996599554855223,775350144.0,4736352.857716433,0.875,Medical Devices,Below threshold,0,False
136,CFFN,"Capitol Federal Financial, Inc.",Financial Services,8.270000457763672,49.8,51.1,78.6,46.9,18.3,57.0,,0.183,0.4298249017654894,0.0,,0.1487302870801699,3.0,inf,-0.051660639778322914,1020265408.0,7512453.784480921,0.75,Banks - Regional,Below threshold,0,False
137,NABL,"N-able, Inc.",Technology,4.144999980926514,49.7,71.2,30.3,58.4,33.5,39.3,,0.059,-0.5080346175518509,0.79855,0.08947915597293704,0.12907117527993317,5.0,inf,0.003174718824562106,783013376.0,10246626.774841309,0.9375,Information Technology Services,Below threshold,0,False
138,TTI,"Tetra Technologies, Inc.",Energy,5.84499979019165,49.6,60.0,32.6,47.3,71.1,63.7,dilution 11% YoY,0.068,0.1855669917270395,0.29575002,0.0016411311379569745,0.9888794554804989,4.0,inf,0.11099253927026442,865485376.0,13189365.450509239,1.0,Oil & Gas Equipment & Services,Below threshold,0,False
139,AMPX,"Amprius Technologies, Inc.",Industrials,9.755000114440918,49.6,79.3,23.1,48.9,54.0,55.6,dilution 17% YoY,1.259,-0.07403935859458977,0.22252001,-0.025190850288346986,1.357765220930311,9.0,24.91001013555977,0.1679363616811136,1425016448.0,57116677.002862595,0.9375,Electrical Equipment & Parts,Below threshold,0,False
140,SCZM,Santacruz Silver Mining Ltd.,Basic Materials,8.829999923706055,49.6,42.1,65.1,56.2,56.8,63.2,reverse split <2y,0.548,0.16883107139373754,0.40784,0.03845568180808455,,1.0,inf,0.04432458712946152,821104256.0,4111164.1497003557,0.8125,Other Industrial Metals & Mining,Below threshold,0,False
141,PSEC,Prospect Capital Corporation,Financial Services,2.109999895095825,49.3,54.3,51.1,70.2,30.9,76.2,dilution 12% YoY,-0.067,0.0331473703441183,1.0,0.21394892482496722,,1.0,inf,0.1246838728742603,1126353536.0,9369355.737130579,0.8125,Asset Management,Below threshold,0,False
142,CRCT,"Cricut, Inc.",Technology,6.449999809265137,49.2,31.1,80.4,58.2,32.0,57.8,,-0.092,-0.025192537756150712,0.55436003,-0.08072797512989108,-0.36950850848733197,3.0,31.49901167054746,-0.01457661533975907,1350916480.0,4013994.4735696316,0.9375,Computer Hardware,Below threshold,0,False
143,HUN,Huntsman Corporation,Basic Materials,8.385000228881836,49.1,62.6,31.5,39.5,60.6,40.1,,0.141,0.10278249539948758,0.13496,0.1053177608896417,0.3577363970469649,13.0,inf,0.004724285743031631,1470549760.0,30646704.463134605,0.9375,Chemicals,Below threshold,0,False
144,GRAB,Grab Holdings Limited,Technology,3.125,49.1,48.9,27.2,47.8,60.0,73.8,,0.219,-0.4206219501640406,0.40472,0.039312670705806387,0.8446655999999999,24.0,inf,0.003615053359875331,12785317888.0,174355909.00324064,0.9375,Software - Application,Below threshold,0,False
145,ABEV,Ambev S.A.,Consumer Defensive,2.944999933242798,48.8,36.1,67.4,66.0,53.2,6.9,,0.003,0.256854755763972,0.51903,0.4374099407056643,0.13582345528841966,10.0,inf,-0.008941304593483301,45401554944.0,80015595.94324608,0.9375,Beverages - Brewers,Below threshold,0,False
146,HYLN,Hyliion Holdings Corp.,Consumer Cyclical,4.195000171661377,48.8,55.4,93.5,43.7,39.1,69.3,runway < 24 mo; deep operating losses,2.263,0.7178218125619209,0.06521,-0.05365930565011374,0.8474373499085484,4.0,19.156181216751964,0.018018420104738198,749215360.0,9896950.844561148,0.9375,Auto Parts,Below threshold,0,False
147,COTY,Coty Inc.,Consumer Defensive,2.630000114440918,48.8,50.1,60.6,43.7,42.1,44.8,,0.013,-0.28927687232893917,0.62894,0.15658691655472265,0.019186267438550564,13.0,inf,0.008838849870517862,2316205568.0,19987624.273455065,0.9375,Household & Personal Products,Below threshold,0,False
148,DHC,Diversified Healthcare Trust,Real Estate,7.880000114440918,48.7,29.7,81.4,48.4,37.4,63.2,,-0.045,0.7971040430378331,0.18608999,0.13565550259874068,0.2880710472832446,4.0,inf,0.0038900085278443797,1907976448.0,14021754.295405753,0.875,REIT - Healthcare Facilities,Below threshold,0,False
149,MDXG,"MiMedx Group, Inc",Healthcare,4.639999866485596,48.6,47.5,55.9,62.1,58.1,41.6,deep operating losses,-0.347,-0.3448773341540713,0.78849,0.06118276225759404,0.5948276320975132,5.0,inf,-0.014875261468893619,677135168.0,5419752.975041747,0.875,Biotechnology,Below threshold,0,False
150,TASK,"TaskUs, Inc.",Technology,7.885000228881836,48.4,40.1,62.2,52.4,45.0,44.9,,0.05,-0.28842849233407986,0.38289002,0.137963822647902,0.0779961640160125,6.0,inf,0.02153493508177773,722952192.0,4805257.677014542,1.0,Information Technology Services,Below threshold,0,False
151,FINV,FinVolution Group,Financial Services,3.055000066757202,48.3,18.2,11.7,82.8,83.4,72.9,,-0.049,-0.4817000831604724,0.70216006,3.7121581571988855,0.8287182251783594,6.0,inf,-0.0442935995131607,721267200.0,3249085.541819525,1.0,Credit Services,Below threshold,0,False
152,LPL,"LG Display Co, Ltd AMERICAN DEP",Technology,2.944999933242798,48.3,45.4,20.1,35.2,91.0,54.1,,0.004,-0.351816425900372,0.14446999,228.11141607033298,,2.0,inf,0.0,2944999936.0,9195286.99532787,0.8125,Consumer Electronics,Below threshold,0,False
153,RES,"RPC, Inc.",Energy,5.679999828338623,48.2,56.5,53.6,52.3,50.2,50.3,short interest > 20%,0.095,0.3861910324359561,0.23256999,-0.0041882056773114434,0.12676059743332324,5.0,408.42328845059734,0.004714634624247482,1259011712.0,9437977.800634034,0.9375,Oil & Gas Equipment & Services,Below threshold,0,False
154,FWDI,"Forward Industries, Inc.",Consumer Cyclical,7.855000019073486,48.2,75.7,64.4,41.6,33.5,76.0,dilution 6458% YoY; down >60% from 52w high,3.321,-0.7608449604734197,0.70562,0.02465544717840197,0.5064710338976888,3.0,inf,64.58349393160556,599243968.0,9962640.276844399,0.9375,Footwear & Accessories,Below threshold,0,False
155,KC,Kingsoft Cloud Holdings Limited,Technology,9.135000228881836,48.1,64.1,19.6,20.9,83.2,41.1,,0.308,-0.32808399442863956,0.15054,-0.667178902187167,1.214389107078988,13.0,30.74269656678447,0.09818947396036704,2734742016.0,15694577.031889884,0.875,Software - Application,Below threshold,0,False
156,IHS,IHS Holding Limited,Real Estate,8.345000267028809,48.0,30.5,69.2,46.7,43.2,70.4,,0.104,0.2589820454387277,0.54026,-0.1151958022017179,,2.0,39.60645970085582,0.008404171823146234,2823453440.0,8864161.06028126,0.8125,Real Estate Services,Below threshold,0,False
157,MOMO,Hello Group Inc.,Communication Services,4.840000152587891,48.0,18.6,34.4,75.4,76.9,51.2,,-0.051,-0.2220694766130149,0.37289003,5.789019032448392,0.6053657345125267,7.0,inf,-0.17075235018981494,695196736.0,3857549.15844841,0.875,Internet Content & Information,Below threshold,0,False
158,OFIX,Orthofix Medical Inc.,Healthcare,9.489999771118164,48.0,51.7,27.6,49.9,61.3,47.1,,0.038,-0.34610023900965037,0.7126,0.010616605899751021,0.3698630467372781,4.0,inf,0.031583213028391954,386552448.0,3568316.176244704,0.875,Medical Devices,Below threshold,0,False
159,HOS,"Hornbeck Offshore Services, Inc",Industrials,7.649899959564209,47.9,13.8,49.5,51.3,85.3,65.7,,-0.113,0.5350223743932052,0.48037997,,,2.0,inf,,2501517312.0,17202524.704371087,0.75,Marine Shipping,Below threshold,0,False
160,RXT,"Rackspace Technology, Inc.",Technology,3.781399965286255,47.9,47.5,96.0,38.7,44.6,27.4,short interest > 20%,0.006,1.2681160327943028,0.18552,0.19365232877634728,0.26055694815641117,3.0,inf,0.05313807531380754,963776192.0,40349748.314326115,0.8125,Software - Infrastructure,Below threshold,0,False
161,USAS,Americas Gold and Silver Corpor,Basic Materials,4.409999847412109,47.7,85.6,46.8,48.5,28.5,72.6,reverse split <2y; runway < 24 mo,0.721,0.4632151972546654,0.4905,-0.05472984363189972,,1.0,13.068267138828304,-0.481645693800941,1491275008.0,20697100.62533967,0.875,Other Industrial Metals & Mining,Below threshold,0,False
162,GTN,"Gray Media, Inc.",Communication Services,4.514999866485596,47.4,31.2,59.2,43.9,48.0,78.5,,0.087,-0.09301966066661294,0.26048002,0.3336204315171729,0.4396456682643264,5.0,inf,0.008793803828596403,464974496.0,4900518.642423185,0.875,Broadcasting,Below threshold,0,False
163,TV,Grupo Televisa S.A.B.,Communication Services,2.305000066757202,47.1,39.2,39.2,59.8,68.1,19.5,,-0.03,0.04166662527455389,0.38331002,4.397137221244357,0.6616995614184757,7.0,inf,-0.012901172752395329,1214873344.0,2894960.9140712856,0.875,Telecom Services,Below threshold,0,False
164,ENIC,Enel Chile S.A.,Utilities,4.255000114440918,47.1,59.4,70.0,43.7,30.8,3.7,,-0.113,0.16472971398432845,0.37273997,0.058378679322863766,0.08939268515367838,4.0,inf,0.0,5886074368.0,2713928.5614633085,0.875,Utilities - Renewable,Below threshold,0,False
165,PDM,"Piedmont Realty Trust, Inc.",Real Estate,8.96500015258789,47.0,36.3,74.7,54.4,26.9,49.3,,0.027,0.07528091067543086,0.60023,0.231416671211679,0.19910762041614039,4.0,inf,0.005145283028279657,1121815808.0,12036962.18626372,0.875,REIT - Office,Below threshold,0,False
166,UROY,Uranium Royalty Corp.,Energy,4.130000114440918,46.9,64.1,66.0,51.6,14.9,61.6,dilution 185% YoY,1.129,-0.05605381117975716,0.33101,0.12907570903077709,0.006388107706542634,3.0,inf,1.8514866929547251,1573808128.0,13396852.808989223,0.875,Uranium,Below threshold,0,False
167,WRD,WERIDE INC.,Technology,5.329999923706055,46.9,57.5,16.4,50.7,95.0,72.0,dilution 16% YoY; deep operating losses,0.822,-0.4472168726767918,0.32766998,,1.5115457207534209,11.0,inf,0.15614306842141623,1753336192.0,13966233.975766024,0.875,Software - Application,Below threshold,0,False
168,RZLV,Rezolve AI PLC,Technology,2.194999933242798,46.8,99.4,27.7,32.9,65.7,66.9,dilution 100% YoY; deep operating losses; down >60% from 52w high,19.704,-0.448473238332322,0.51835996,-0.012161634102243081,3.555808794593644,4.0,35.7501725791694,1.0016680339109882,915027200.0,34004842.730061404,0.875,Software - Infrastructure,Below threshold,0,False
169,ITUB,Itau Unibanco Banco Holding SA,Financial Services,8.539999961853027,46.8,47.8,69.1,44.7,21.9,52.7,,0.175,0.15558118991644854,0.0,,0.039227170918427534,8.0,inf,-0.007708081854976179,94126784512.0,169092048.1386626,0.8125,Banks - Regional,Below threshold,0,False
170,ARHS,"Arhaus, Inc.",Consumer Cyclical,9.425000190734863,46.7,40.7,69.0,41.6,40.8,42.6,,0.074,-0.13616579916867366,0.38002998,0.059320281551880946,0.11813896941452695,13.0,inf,0.005321496609163923,1336010112.0,11406780.496674856,1.0,Specialty Retail,Below threshold,0,False
171,JBI,"Janus International Group, Inc.",Industrials,4.135000228881836,46.6,42.4,19.3,50.7,70.7,57.1,,0.024,-0.49695738226643515,0.35862,0.07216454943101738,0.8428052184317674,5.0,inf,-0.01727166525103485,564162048.0,8520305.589373652,0.9375,Building Products & Equipment,Below threshold,0,False
172,OXLC,Oxford Lane Capital Corp.,Financial Services,9.03499984741211,46.4,43.9,53.5,69.1,42.6,52.4,reverse split <2y,-0.102,-0.2140351588509286,1.0,0.03222095269249173,,1.0,inf,0.07682833673768119,885703296.0,8059363.131724103,0.8125,Asset Management,Below threshold,0,False
173,NMCO,Nuveen Municipal Credit Opportunities Fund,Financial Services,8.824999809265137,46.4,49.7,43.0,74.3,18.9,42.0,,0.083,-0.030797029638816698,1.0,0.0743348341386363,,,inf,0.00686348591262087,505740928.0,3475836.6051047486,0.75,Asset Management,Below threshold,0,False
174,DDD,3D Systems Corporation,Technology,3.5950000286102295,46.3,35.5,85.5,42.5,62.8,24.5,short interest > 20%,-0.003,0.10810808416175743,0.33806,-0.01988683013064689,,2.0,133.70616772075306,0.07901991711054146,597298560.0,8706670.216396224,0.8125,Computer Hardware,Below threshold,0,False
175,FLO,"Flowers Foods, Inc.",Consumer Defensive,5.545000076293945,46.3,75.6,14.7,45.3,65.0,36.3,short interest > 20%,,-0.416712082394484,0.48629,0.25388854973997416,0.42470692358944784,5.0,inf,0.0038403912145772434,1175858432.0,44088525.512988634,0.8125,Packaged Foods,Below threshold,0,False
176,AUR,"Aurora Innovation, Inc.",Consumer Cyclical,5.514999866485596,46.3,54.2,68.7,41.4,42.2,46.1,deep operating losses,1.0,0.01624551501942384,0.0,-0.037478796979357624,1.1847996902451912,12.0,35.25407313473789,0.08764289602612951,11052915712.0,181430769.63941708,0.9375,Auto Parts,Below threshold,0,False
177,MRVI,"Maravai LifeSciences Holdings, ",Healthcare,7.635000228881836,46.2,47.7,98.2,43.1,18.3,49.2,deep operating losses,0.085,1.6996466687110567,0.35707,-0.0012813061194840059,-0.004584181772442797,5.0,232.14545454545456,0.02954741900909319,2827681024.0,23645562.478668276,0.9375,Biotechnology,Below threshold,0,False
178,ASAN,"Asana, Inc.",Technology,8.505000114440918,46.2,64.3,59.7,39.1,35.1,51.7,short interest > 20%,0.099,-0.2455882396252509,0.87592006,0.10118724764593327,0.18482302932484007,13.0,inf,-0.023996398353192006,1947390848.0,56010887.444620945,0.875,Software - Application,Below threshold,0,False
179,ADTN,"ADTRAN Holdings, Inc.",Technology,6.784999847412109,46.2,66.0,16.2,45.1,80.9,29.3,down >60% from 52w high,0.061,-0.16034665391518976,0.38463002,0.04489272023599082,1.1616315887750632,6.0,inf,0.01774903170007147,552851328.0,16672925.094696235,0.875,Communication Equipment,Below threshold,0,False
180,GNL,"Global Net Lease, Inc.",Real Estate,8.354999542236328,46.0,24.5,59.6,68.1,24.6,81.4,,-0.1,0.24568797340476412,0.85733,0.189438132326232,0.2139869007443569,7.0,inf,-0.04643659894550212,1932660608.0,22001721.471847154,0.875,REIT - Diversified,Below threshold,0,False
181,SOPH,SOPHiA GENETICS SA,Healthcare,8.375,46.0,56.3,94.4,42.2,22.7,72.3,dilution 26% YoY; deep operating losses,0.272,0.8961625155819732,0.66625,-0.035990300386704435,0.16417910447761197,4.0,50.35167997161555,0.2596682340044829,712945536.0,3966150.5112521807,0.875,Health Information Services,Below threshold,0,False
182,NIO,NIO Inc.,Consumer Cyclical,3.444999933242798,46.0,77.9,12.0,22.6,82.8,41.4,dilution 12% YoY,0.691,-0.413314840957944,0.1736,,0.8316205579895106,24.0,inf,0.11627597382888633,8632023040.0,128625128.85342328,0.875,Auto Manufacturers,Below threshold,0,False
183,LADR,Ladder Capital Corp,Real Estate,8.770000457763672,45.9,48.0,45.1,53.8,24.4,68.3,,0.022,-0.051705975878037935,0.692,,0.36830095480519165,7.0,inf,-0.004673375480821695,1112608768.0,11393850.782117462,0.875,REIT - Mortgage,Below threshold,0,False
184,AHRT,"AH Realty Trust, Inc.",Real Estate,6.130000114440918,45.8,39.1,63.0,55.9,28.1,46.8,,0.039,0.01374736689140943,0.67249,0.2610376285215064,0.22349100489112006,4.0,inf,-0.06943672206611129,587923392.0,4938577.319567903,0.875,REIT - Diversified,Below threshold,0,False
185,PFLT,PennantPark Floating Rate Capit,Financial Services,6.945000171661377,45.7,36.4,47.0,66.7,34.6,51.3,,0.041,-0.05023671648727002,1.0,0.08279803467025898,0.4038876542846237,6.0,inf,0.0,689068288.0,6519165.517407338,0.9375,Asset Management,Below threshold,0,False
186,AMC,"AMC Entertainment Holdings, Inc",Communication Services,3.075000047683716,45.6,57.1,79.7,38.4,30.5,37.3,dilution 106% YoY,0.142,-0.11999996503194177,0.18208,0.051953553890067596,-0.040650421380602486,6.0,inf,1.0607593379415374,2744759296.0,84867768.02343026,0.875,Entertainment,Below threshold,0,False
187,CLVT,Clarivate Plc,Technology,1.6950000524520874,45.5,50.7,13.7,51.9,58.5,55.0,,-0.055,-0.45910290951190746,0.6682,0.4288412658564319,0.7502477334488808,6.0,inf,-0.048429243893029494,1083472000.0,9849134.724596182,0.875,Information Technology Services,Below threshold,0,False
188,INTR,Inter & Co. Inc.,Financial Services,5.220900058746338,45.5,54.2,16.6,42.5,52.8,68.3,,0.238,-0.40900962995775725,0.0,,0.641058036659168,10.0,inf,0.0033464024361480327,2305097728.0,25418154.979249828,0.8125,Banks - Regional,Below threshold,0,False
189,PUMP,ProPetro Holding Corp.,Energy,8.774999618530273,45.4,54.5,40.1,39.0,74.1,34.4,dilution 18% YoY,-0.062,1.1154562195106141,0.22693,-0.04459955383837946,0.8540433854428973,13.0,195.71020922225574,0.18136815228448278,1077779840.0,40874160.62765894,0.9375,Oil & Gas Equipment & Services,Below threshold,0,False
190,USA,Liberty All-Star Equity Fund,Financial Services,5.815000057220459,45.4,8.0,67.4,69.1,50.0,56.7,,-0.058,0.05577452676710504,1.0,,,,inf,0.04379349846786096,1792295552.0,7519001.396222846,0.75,Asset Management,Below threshold,0,False
191,FBRT,"Franklin BSP Realty Trust, Inc.",Real Estate,6.429999828338623,45.4,53.0,28.0,58.2,41.9,39.2,,0.142,-0.16282771894621717,0.99637,,0.8144121790769041,3.0,inf,-0.09034620214723654,533982016.0,14115019.110093871,0.9375,REIT - Mortgage,Below threshold,0,False
192,BHK,Blackrock Core Bond Trust Black,Financial Services,8.220000267028809,45.3,67.8,52.6,56.8,17.1,46.4,dilution 30% YoY,0.173,-0.0036100126080593764,1.0,0.019617949868800045,,,inf,0.2983726348825466,593683136.0,2964922.3480931125,0.8125,Asset Management,Below threshold,0,False
193,BBD,Banco Bradesco Sa,Financial Services,3.5199999809265137,45.2,44.5,60.8,44.1,28.0,52.2,,0.072,0.021525278527532166,0.0,,0.2210227338889661,5.0,inf,-0.0005956313819830417,37273903104.0,99473460.23083727,0.75,Banks - Regional,Below threshold,0,False
194,GORO,Goldgroup Mining Inc.,Basic Materials,3.234999895095825,45.0,78.7,45.0,40.8,30.3,81.2,dilution 38% YoY; reverse split <2y,2.935,0.3178571857359951,0.22514,0.05788776588890559,,,inf,0.3774923025482082,438810336.0,4724777.136558664,0.6875,Gold,Below threshold,0,False
195,CERT,"Certara, Inc.",Healthcare,9.255000114440918,44.8,60.5,68.9,55.0,21.4,26.3,short interest > 20%,0.01,-0.3193760464578752,0.61608005,0.044329756804372074,-0.08305133494721206,11.0,inf,-0.05052997888302879,1411746432.0,24026058.324811347,0.9375,Health Information Services,Below threshold,0,False
196,WOOF,Petco Health and Wellness Compa,Consumer Cyclical,2.319999933242798,44.7,63.1,33.2,40.6,67.5,24.7,short interest > 20%,0.0,-0.2672176303111842,0.38813,0.24175313420340871,0.49529745681977344,11.0,inf,0.02210074803045803,664492928.0,5203402.508279483,1.0,Specialty Retail,Below threshold,0,False
197,MFIC,MidCap Financial Investment Cor,Financial Services,8.789999961853027,44.6,50.3,39.4,58.2,23.4,52.9,,-0.16,-0.10058066678652844,1.0,0.13233742790054065,0.18387372527431167,8.0,inf,-0.11715508750560621,724055360.0,5056893.810226886,0.875,Asset Management,Below threshold,0,False
198,DJT,Trump Media & Technology Group ,Communication Services,9.28499984741211,44.4,88.5,41.7,35.7,2.1,69.4,deep operating losses,0.89,-0.42223533140605773,0.33691,0.25390745278152527,,,inf,0.002217145332267023,2580684800.0,36627899.46026071,0.75,Internet Content & Information,Below threshold,0,False
199,ETW,Eaton Vance Corporation Eaton V,Financial Services,9.524999618530273,44.2,47.8,73.5,62.5,9.3,8.2,,-0.014,0.18809077278403752,1.0,,,,inf,0.0,1034393856.0,2491247.7441266696,0.625,Asset Management,Below threshold,0,False
200,OWL,Blue Owl Capital Inc.,Financial Services,9.090100288391113,44.0,59.8,43.5,59.7,38.1,28.2,dilution 139% YoY,0.071,-0.2474847794520052,0.58491004,0.10911423081302338,0.4074784209299931,17.0,inf,1.394578884424655,14245609472.0,196595586.25467962,1.0,Asset Management,Below threshold,0,False
201,XRAY,DENTSPLY SIRONA Inc.,Healthcare,8.875,44.0,46.4,29.8,45.9,62.6,24.3,,-0.041,-0.10138049864408327,0.4952,0.08004732973781375,0.5474174647887324,15.0,inf,-0.0005017561465128217,1769265664.0,53889636.859099515,0.9375,Medical Instruments & Supplies,Below threshold,0,False
202,INN,"Summit Hotel Properties, Inc.",Real Estate,5.949999809265137,43.8,23.5,78.6,48.0,27.5,58.8,,0.032,0.11583092772665915,0.42928,0.11545797691652768,0.12394961586157582,4.0,inf,-0.00879953800474853,641728064.0,5801068.855912606,0.9375,REIT - Hotel & Motel,Below threshold,0,False
203,GILT,Gilat Satellite Networks Ltd.,Technology,9.939900398254395,43.7,43.5,20.6,55.2,68.8,67.4,dilution 35% YoY,0.169,-0.18652427637904678,0.30326,0.02566911791810273,,2.0,inf,0.34676184245673114,765667136.0,5723880.288334815,0.875,Communication Equipment,Below threshold,0,False
204,MBLY,Mobileye Global Inc.,Consumer Cyclical,7.465000152587891,43.7,44.9,40.1,64.7,48.8,45.5,short interest > 20%,0.004,-0.39674685107067476,0.47370997,0.10306617312861241,0.5371734448018681,22.0,inf,0.03054201756508057,6346650624.0,48687755.69100698,0.9375,Auto Parts,Below threshold,0,False
205,HLN,Haleon plc,Healthcare,9.045000076293945,43.6,34.7,56.9,50.8,34.7,47.3,,0.022,0.15721822669676078,0.65567,0.04529690516377894,0.3194029739455546,5.0,inf,-0.023744558456681997,39776448512.0,125594641.53329945,1.0,Drug Manufacturers - Specialty & Generic,Below threshold,0,False
206,SBS,Companhia de saneamento Basico ,Utilities,5.309999942779541,43.5,34.3,50.1,37.0,48.1,61.8,,0.139,-0.001474448108194859,0.35729998,-0.33528872705034335,0.2685499195079113,5.0,33.42829490344805,-0.005022947677452816,18673108992.0,41826766.90663196,1.0,Utilities - Regulated Water,Below threshold,0,False
207,ADT,ADT Inc.,Industrials,6.114999771118164,43.4,37.4,42.8,52.6,40.7,49.9,,0.02,-0.13930186327115568,0.80657,0.2680500029167948,0.34587085986024424,5.0,inf,-0.11900506013257206,4467369472.0,53416406.806267455,0.9375,Security & Protection Services,Below threshold,0,False
208,BBDC,"Barings BDC, Inc.",Financial Services,8.694999694824219,43.3,25.0,72.8,58.6,21.1,52.6,,-0.124,0.17150100322728767,1.0,0.14169515910647504,0.14529388723587777,6.0,inf,-0.00429876916406291,910426304.0,5770870.484659799,1.0,Asset Management,Below threshold,0,False
209,STNE,StoneCo Ltd.,Technology,9.4350004196167,43.2,26.5,27.5,58.9,67.8,44.0,,0.016,-0.396624827254331,0.71558,3.2523823027259433,0.5836050170103753,17.0,inf,-0.13803892627893422,2175669760.0,49053767.715266466,1.0,Software - Infrastructure,Below threshold,0,False
210,TME,Tencent Music Entertainment Gro,Communication Services,7.925000190734863,43.1,39.4,19.1,67.1,75.0,40.8,down >60% from 52w high,0.058,-0.6421506177885195,0.44321,0.552468756275681,0.5896443781450342,28.0,inf,0.05765880480318275,12915889152.0,74329659.1769042,1.0,Internet Content & Information,Below threshold,0,False
211,ESRT,"Empire State Realty Trust, Inc.",Real Estate,4.059999942779541,42.9,58.4,22.6,54.7,34.6,29.6,,0.032,-0.3969828252657921,0.52306,0.22907289325708274,0.3300492798290715,5.0,inf,0.020571566510363404,1243764096.0,12656065.568121362,0.9375,REIT - Diversified,Below threshold,0,False
212,WIT,Wipro Limited,Technology,1.6549999713897705,42.9,40.8,26.1,61.7,52.9,25.6,,0.106,-0.29661227362445086,0.29045,6.627066733609661,0.03320243477955209,7.0,inf,-0.055276554262644106,16373477376.0,14882500.39767799,1.0,Information Technology Services,Below threshold,0,False
213,OTF,Blue Owl Technology Finance Cor,Financial Services,9.789999961853027,42.6,38.7,39.7,57.0,32.9,50.7,,0.058,-0.06716802716777925,1.0,0.09433807108887622,0.3903074620057223,9.0,inf,-0.016154841014537347,4485634560.0,26178469.575259257,0.9375,Asset Management,Below threshold,0,False
214,ACIC,American Coastal Insurance Corp,Financial Services,9.050000190734863,42.6,20.1,35.7,45.7,75.1,53.0,,-0.045,-0.1058744768518185,0.56622005,-0.11754828173283136,,,56.22851044694936,-0.030256270360086934,427789120.0,2618067.7923945906,0.9375,Insurance - Property & Casualty,Below threshold,0,False
215,GRFS,"Grifols, S.A.",Healthcare,7.335000038146973,42.6,46.3,42.6,53.3,45.6,3.7,,-0.009,-0.21209710771251677,0.37789002,0.11476716590614432,,2.0,inf,0.0002519116793004983,4992049664.0,4451433.2775925,0.8125,Drug Manufacturers - General,Below threshold,0,False
216,EVLV,"Evolv Technologies Holdings, In",Industrials,4.684999942779541,42.3,42.4,24.6,38.5,58.0,54.0,,0.344,-0.34050633224648663,0.49863997,-0.009008570306297894,1.102454668154412,5.0,99.00335901995653,0.05985615517020748,842697536.0,10462575.183848452,0.875,Security & Protection Services,Below threshold,0,False
217,BDJ,Blackrock Enhanced Equity Divid,Financial Services,9.46049976348877,42.2,30.5,73.7,56.5,9.9,50.3,,-0.198,0.19141902690754797,1.0,0.0037395003130828246,,,inf,0.0,1673985152.0,4131405.8722955384,0.75,Asset Management,Below threshold,0,False
218,VYX,NCR Voyix Corporation,Technology,6.824999809265137,42.2,46.0,40.9,42.4,76.7,14.3,short interest > 20%,-0.208,-0.34887333419141797,0.25825,0.2294850840744207,0.8986564633172134,6.0,inf,-0.00217548948513413,942327040.0,19728479.488572296,0.875,Information Technology Services,Below threshold,0,False
219,GSBD,"Goldman Sachs BDC, Inc.",Financial Services,9.135000228881836,42.1,33.7,67.8,56.6,15.7,40.0,,-0.08,0.11590146258190259,1.0,0.085881719125127,-0.021620166823576592,4.0,inf,-0.031664264645967166,1028318400.0,8368095.131900342,0.9375,Asset Management,Below threshold,0,False
220,XPEV,XPeng Inc.,Consumer Cyclical,9.614999771118164,42.1,58.8,7.6,27.7,84.3,55.5,down >60% from 52w high,0.08,-0.5101337043958423,0.20848,,0.9158257346331471,25.0,inf,0.005724964701498747,9210945536.0,82934577.11134608,0.875,Auto Manufacturers,Below threshold,0,False
221,JQC,Nuveen Credit Strategies Income,Financial Services,4.744999885559082,41.8,23.1,64.0,61.8,22.5,51.6,,-0.009,0.019921926526843325,1.0,0.10687779331010784,,,inf,0.08529136080150845,701390080.0,2956512.5996272247,0.8125,Asset Management,Below threshold,0,False
222,ALOY,REalloys Inc.,Basic Materials,8.234999656677246,41.7,87.6,47.7,58.4,4.8,82.7,dilution 12% YoY; deep operating losses; down >60% from 52w high,0.827,0.69117656454404,0.29679,,,2.0,inf,0.12362324981727779,571664832.0,24826977.852776766,0.625,Other Industrial Metals & Mining,Below threshold,0,False
223,WB,Weibo Corporation,Communication Services,6.4822001457214355,41.2,23.9,23.2,68.5,60.3,36.6,,0.02,-0.4151122387828593,0.73355,,0.2709805027291501,16.0,inf,0.0034608027406319852,1592498816.0,7231438.68050979,0.9375,Internet Content & Information,Below threshold,0,False
224,IMTX,Immatics N.V.,Healthcare,8.824999809265137,41.2,51.2,54.1,39.7,46.8,76.8,dilution 12% YoY; deep operating losses,0.93,0.20480403499490496,0.0,-0.09419675461317811,0.9981110913438467,6.0,37.30126689960215,0.12433132029730931,1343386240.0,5113022.638703235,0.875,Biotechnology,Below threshold,0,False
225,SMPL,The Simply Good Foods Company,Consumer Defensive,9.529999732971191,40.8,46.2,11.7,62.7,64.3,41.7,down >60% from 52w high,-0.063,-0.5343635730697578,0.33273998,0.127150801992612,0.5083945858116274,8.0,inf,-0.12020883076444089,842844672.0,25384417.523335423,0.9375,Packaged Foods,Below threshold,0,False
226,MBC,"MasterBrand, Inc.",Consumer Cyclical,6.980000019073486,40.8,61.9,24.6,36.8,59.9,29.6,dilution 61% YoY,0.115,-0.38661709167334535,0.26859,-0.017169898732863093,0.4756446951080675,3.0,118.88057406458226,0.6053670086819258,1420363648.0,18564073.968827464,0.9375,"Furnishings, Fixtures & Appliances",Below threshold,0,False
227,TROX,Tronox Holdings plc,Basic Materials,3.9549999237060547,40.5,60.3,29.1,26.2,63.1,36.9,down >60% from 52w high,0.187,0.32388611934020095,0.05594,-0.03661257266847591,0.6750948490011617,8.0,111.04864864864865,0.007812330055941175,631613632.0,13490187.273177179,0.9375,Chemicals,Below threshold,0,False
228,JPC,Nuveen Preferred & Income Oppor,Financial Services,6.849999904632568,40.3,50.0,51.0,58.1,18.6,47.7,dilution 15% YoY,,-0.009375843529495276,1.0,0.02895832171342518,,,inf,0.15179658238335803,2570301440.0,9792785.17632366,0.6875,Asset Management,Below threshold,0,False
229,MLCO,Melco Resorts & Entertainment L,Consumer Cyclical,4.534999847412109,40.2,35.0,22.2,40.9,56.2,58.0,,-0.057,-0.48373985315741785,0.38194,,0.5571202287977268,13.0,inf,-0.026032140399528725,1724406784.0,10466409.08826383,0.8125,Resorts & Casinos,Below threshold,0,False
230,TDOC,"Teladoc Health, Inc.",Healthcare,5.84499979019165,40.1,23.0,46.4,46.6,60.2,25.8,,-0.04,-0.22682923170018154,0.68966,0.17989618727573184,0.31333965364407623,17.0,inf,0.028546461096882192,1061943040.0,30911219.32584103,0.9375,Health Information Services,Below threshold,0,False
231,MPT,"Medical Properties Trust, Inc.",Real Estate,3.484999895095825,40.0,56.6,29.1,60.7,33.6,33.6,short interest > 20%,0.019,-0.15342663142244894,0.95944,0.36225916918654666,0.4705882795612195,6.0,inf,-0.0067042379172256306,2081241984.0,32755719.589072052,0.9375,REIT - Healthcare Facilities,Below threshold,0,False
232,HE,"Hawaiian Electric Industries, I",Utilities,9.024999618530273,39.9,59.8,25.9,38.8,37.5,15.5,,0.259,0.015384622023489669,0.17581,0.20788965354429462,0.004155167097484425,4.0,inf,0.0006729028046525976,1561522560.0,25506557.579146225,1.0,Utilities - Regulated Electric,Below threshold,0,False
233,LUMN,"Lumen Technologies, Inc.",Communication Services,5.545000076293945,39.8,28.1,36.6,48.8,51.0,41.3,,-0.093,0.06112056734717841,0.47794,0.3704222506394091,0.3778178349649848,10.0,inf,0.0031766745223302806,5713074688.0,78800764.80337429,0.875,Telecom Services,Below threshold,0,False
234,JFR,Nuveen Floating Rate Income Fun,Financial Services,7.40500020980835,39.7,27.2,65.7,65.1,25.5,52.9,dilution 20% YoY,0.043,0.06835991417800646,1.0,0.10851632457662874,,,inf,0.20074596034870074,1191963776.0,4638103.762079668,0.8125,Asset Management,Below threshold,0,False
235,STLA,Stellantis N.V.,Consumer Cyclical,4.375,39.7,60.5,10.9,23.1,71.8,54.3,down >60% from 52w high,0.131,-0.4128342730339877,0.06554,-0.26344159482233487,0.5311999999999999,10.0,114.67384206802363,0.007099124392410783,12691617792.0,117841271.59296846,0.9375,Auto Manufacturers,Below threshold,0,False
236,PFN,PIMCO Income Strategy Fund II,Financial Services,6.25,39.5,38.8,55.0,58.1,24.3,3.7,,0.14,0.02994362693354491,1.0,0.009162610399497714,,,inf,0.08622148942017027,617618752.0,3639512.38780578,0.75,Asset Management,Below threshold,0,False
237,BRBR,"BellRing Brands, Inc.",Consumer Defensive,7.695000171661377,39.4,43.5,2.7,58.8,77.1,36.7,down >60% from 52w high,0.042,-0.7070184725374473,0.28591,0.22478076104692232,0.9114138624930559,12.0,inf,-0.06211180124223603,894760704.0,39922114.97302973,0.9375,Packaged Foods,Below threshold,0,False
238,WIW,Western Asset Inflation-Linked ,Financial Services,7.900000095367432,39.3,29.6,57.5,71.3,17.4,11.7,,-0.0,0.013723777660386238,1.0,0.17519379888584014,,,inf,0.0,483354688.0,2281245.6971511524,0.75,Asset Management,Below threshold,0,False
239,ASPN,"Aspen Aerogels, Inc.",Basic Materials,5.465000152587891,39.2,27.7,68.6,42.9,48.4,39.0,deep operating losses,-0.361,-0.3036723331265243,0.16244,0.09715181315026697,0.418115239453392,5.0,inf,0.008936518788393188,453533728.0,6346231.480896314,0.9375,Specialty Chemicals,Below threshold,0,False
240,EDIT,"Editas Medicine, Inc.",Healthcare,2.6050000190734863,39.1,54.2,55.5,33.1,61.7,28.1,dilution 76% YoY; deep operating losses,2.323,-0.13068182972713938,-0.80745006,-0.11076895389875924,1.26487522334009,10.0,57.309773084213376,0.7568791061287579,400076000.0,7186974.726574596,0.9375,Biotechnology,Below threshold,0,False
241,SUZ,Suzano S.A.,Basic Materials,8.614999771118164,39.1,14.2,47.1,46.0,51.4,59.0,,-0.128,-0.05718908067103068,0.29057,0.016739266967538396,0.4575357322813065,6.0,inf,-0.004460430206606025,10609895424.0,25294838.22550799,1.0,Paper & Paper Products,Below threshold,0,False
242,DNUT,"Krispy Kreme, Inc.",Consumer Defensive,2.9100000858306885,38.8,33.8,40.4,26.5,55.5,42.3,,-0.128,-0.042016767438032065,0.24949,0.04637268860642616,0.4032061441793302,6.0,inf,0.01041154863012106,504885024.0,8374095.993381242,0.9375,Grocery Stores,Below threshold,0,False
243,LBTYK,Liberty Global Ltd.,Communication Services,8.975000381469727,38.7,27.4,32.3,34.8,54.7,61.5,,-0.077,-0.11252114704270588,0.67168,-0.16656944485095815,,,60.1020756752876,-0.004065671381197844,3061260800.0,15021476.931059042,0.8125,Telecom Services,Below threshold,0,False
244,GOOS,Canada Goose Holdings Inc. Subo,Consumer Cyclical,7.804999828338623,38.7,54.1,18.5,48.8,51.2,37.7,deep operating losses,0.103,-0.40072728937322444,0.69738996,0.18670275086112395,0.21610124391513308,6.0,inf,0.006110166916711179,762241024.0,6662736.041424648,0.9375,Apparel Manufacturing,Below threshold,0,False
245,OPFI,OppFi Inc.,Financial Services,5.994999885559082,38.7,8.6,17.8,77.1,67.6,86.5,dilution 206% YoY,-0.139,-0.41813602710965414,1.0,,1.2210175569933757,4.0,inf,2.0608923307182314,510823424.0,6518083.665130981,0.8125,Credit Services,Below threshold,0,False
246,IBRX,"ImmunityBio, Inc.",Healthcare,9.694999694824219,38.6,69.3,90.7,52.8,19.8,51.7,dilution 15% YoY; runway < 24 mo; short interest > 20%; deep operating losses,0.939,2.093385220144311,0.9934,-0.018156893138428328,0.315110923294482,4.0,22.986477314652902,0.15027613273486962,10275112960.0,76419354.04612182,0.8125,Biotechnology,Below threshold,0,False
247,NMZ,Nuveen Municipal High Income Op,Financial Services,8.944999694824219,38.6,26.7,49.2,63.7,13.5,53.3,,-0.013,0.024774342760835122,1.0,,,,inf,,1926464128.0,8283142.915523783,0.6875,Asset Management,Below threshold,0,False
248,BRSL,Brightstar Lottery PLC Trading ,Consumer Cyclical,9.96500015258789,38.0,12.8,30.7,51.3,52.3,72.8,,-0.074,-0.30105556268582656,0.48501,2.4103149708247362,0.6670847712617212,8.0,inf,-0.09513326108374387,1821027584.0,21281734.763173103,0.9375,Gambling,Below threshold,0,False
249,BLDP,"Ballard Power Systems, Inc.",Industrials,2.005000114440918,38.0,48.7,27.0,47.9,66.1,52.2,deep operating losses; down >60% from 52w high,0.154,-0.1569343303870656,0.16398,-0.03196930588784541,0.7890273293077659,10.0,269.359879163057,0.005478428718812323,703936960.0,10758895.572657982,0.9375,Electrical Equipment & Parts,Below threshold,0,False
250,LBTYA,Liberty Global Ltd.,Communication Services,9.244999885559082,37.8,30.1,33.4,34.9,53.9,42.9,,-0.077,-0.07327589254458555,0.67168,-0.1617047853791317,0.5858886080573875,13.0,60.1020756752876,-0.004065671381197844,3153354496.0,25007162.043782473,0.9375,Telecom Services,Below threshold,0,False
251,HYT,Blackrock Corporate High Yield ,Financial Services,7.835000038146973,37.5,36.5,54.3,59.0,19.8,49.4,dilution 27% YoY,0.147,-0.03301775709574195,1.0,0.03460426553659815,,,inf,0.27395166562551543,1532977024.0,7409583.389926402,0.8125,Asset Management,Below threshold,0,False
252,ONDS,Ondas Inc,Technology,7.409999847412109,37.5,64.8,36.4,53.9,54.3,41.1,dilution 156% YoY; short interest > 20%; deep operating losses,12.354,-0.027318891852240346,0.43724,-0.016016537798368122,1.6203333872916525,9.0,240.4010517388952,1.5629167380833757,4314863104.0,637321810.8517697,0.9375,Communication Equipment,Below threshold,0,False
253,AQST,"Aquestive Therapeutics, Inc.",Healthcare,4.684999942779541,37.5,50.8,63.9,47.9,51.1,46.9,dilution 26% YoY; short interest > 20%; deep operating losses,0.381,-0.09557521287402915,0.67038,-0.045732765681179864,0.9921729165406721,9.0,43.949332504731174,0.2632865329948375,588022080.0,12025358.744584465,0.875,Drug Manufacturers - Specialty & Generic,Below threshold,0,False
254,CYH,"Community Health Systems, Inc.",Healthcare,2.9000000953674316,37.5,7.2,52.2,58.9,45.1,40.7,,-0.098,-0.07006370103829773,0.41409,0.4823597340443763,0.08836203317438218,8.0,inf,0.0056886824468602715,408927168.0,4531371.423479184,0.9375,Medical Care Facilities,Below threshold,0,False
255,PACB,Pacific Biosciences of Californ,Healthcare,2.3901000022888184,37.4,21.8,86.5,55.3,17.0,41.0,deep operating losses,-0.019,0.08800001144409175,0.29424,0.3925672583698654,-0.09746872602222922,7.0,inf,0.03482603629099379,742916608.0,12230078.524122382,0.8125,Medical Devices,Below threshold,0,False
256,LAND,Gladstone Land Corporation,Real Estate,9.524999618530273,37.2,39.1,61.1,53.1,14.3,48.0,dilution 19% YoY,0.042,0.06031082163430157,0.7168,0.10790911434461564,-0.020122795402258364,3.0,inf,0.19212327500787763,410875840.0,5997759.472884655,0.875,REIT - Specialty,Below threshold,0,False
257,UAA,"Under Armour, Inc.",Consumer Cyclical,4.419400215148926,37.1,42.5,32.0,43.9,65.3,10.6,short interest > 20%,-0.032,0.007999992370605558,0.45624,0.05384597250493098,0.41898214570021164,19.0,inf,0.0018122193939238418,1898333696.0,47965547.09665745,0.9375,Apparel Manufacturing,Below threshold,0,False
258,VSTM,"Verastem, Inc.",Healthcare,8.220000267028809,37.0,70.7,73.2,35.3,47.8,45.4,dilution 47% YoY; runway < 24 mo; short interest > 20%; deep operating losses,17.754,-0.16435190934089738,0.87644994,-0.138937733918101,0.7842663653953137,9.0,15.819799402925412,0.4706918543627894,744431488.0,15407553.114786625,0.9375,Biotechnology,Below threshold,0,False
259,VVR,Invesco Senior Income Trust  (D,Financial Services,2.884999990463257,36.9,7.6,55.1,66.8,26.1,50.3,,-0.188,-0.023539343771529886,1.0,0.04203658124348802,,,inf,0.002473120423170494,444073696.0,2046473.1218815804,0.75,Asset Management,Below threshold,0,False
260,INDI,"indie Semiconductor, Inc.",Technology,2.940000057220459,36.9,66.5,39.0,28.9,56.5,20.7,short interest > 20%; deep operating losses,0.24,-0.057106634462812056,-0.27054,-0.02590008227279126,0.94515302336648,8.0,94.47989187925066,0.03791549656305304,681518144.0,21683652.043398477,0.875,Semiconductors,Below threshold,0,False
261,RIG,Transocean Ltd (Switzerland),Energy,5.304999828338623,36.8,42.8,59.2,56.6,36.0,36.2,dilution 24% YoY; short interest > 20%,-0.022,0.8681672471890947,0.41646,0.1472772712500068,0.23547035100519165,12.0,inf,0.2380169655716946,5925048832.0,233765114.56172523,0.9375,Oil & Gas Drilling,Below threshold,0,False
262,TU,Telus Corporation,Communication Services,8.475000381469727,36.6,52.9,18.8,41.9,37.9,9.9,,-0.022,-0.35592120528051885,0.35627997,0.1794821192549849,0.21927192152031538,3.0,inf,0.032786885245901676,13348125696.0,69116650.76423302,0.875,Telecom Services,Below threshold,0,False
263,CCCC,"C4 Therapeutics, Inc.",Healthcare,3.2950000762939453,36.2,25.8,81.9,49.6,65.4,40.6,dilution 73% YoY; short interest > 20%; deep operating losses,0.028,0.6636771329214572,0.86344004,-0.10771451430384808,3.0465340489450536,6.0,69.7131755221693,0.7308943109238835,405367840.0,9123640.902071666,0.9375,Biotechnology,Below threshold,0,False
264,QFIN,"Qfin Holdings, Inc.",Financial Services,6.784999847412109,36.2,7.7,5.0,72.1,90.1,54.7,down >60% from 52w high,-0.316,-0.6915355738675374,0.52889,18.667939002364683,1.1833780888956609,13.0,inf,-0.08190074030990702,824939520.0,20008509.21446495,1.0,Credit Services,Below threshold,0,False
265,AWF,Alliancebernstein Global High I,Financial Services,9.6899995803833,36.0,14.2,55.7,79.1,21.9,3.7,,-0.046,-0.0334861608969127,1.0,,,,inf,0.0,835565568.0,2931003.5894935927,0.6875,Asset Management,Below threshold,0,False
266,XMAX,"XMAX, Inc.",Consumer Cyclical,8.630000114440918,35.9,47.6,82.4,51.7,11.4,25.1,dilution 365% YoY; deep operating losses,0.071,0.6338798981774572,0.22861,-0.004648188149733909,,,160.536893169374,3.6532821668645683,556837184.0,5406305.044841242,0.75,"Furnishings, Fixtures & Appliances",Below threshold,0,False
267,MYGN,"Myriad Genetics, Inc.",Healthcare,4.349999904632568,35.9,23.4,36.6,47.7,44.2,31.6,,-0.105,-0.5552486007726869,0.68832,0.04371196944496444,-0.21551722418066488,8.0,inf,0.02685284640171859,416075968.0,7340586.647327018,0.9375,Diagnostics & Research,Below threshold,0,False
268,GPK,Graphic Packaging Holding Compa,Consumer Cyclical,9.0649995803833,35.7,25.1,32.0,36.6,57.1,30.1,,-0.007,-0.4028025959394075,0.15491,0.08868590047662506,0.3578698918681613,11.0,inf,-0.003411439934248639,2682219008.0,55266521.39986086,1.0,Packaging & Containers,Below threshold,0,False
269,ACDC,ProFrac Holding Corp.,Energy,4.34499979019165,35.3,35.3,41.7,29.9,48.7,56.1,dilution 14% YoY,-0.008,0.36729219264169966,0.21502,0.08484205658361228,0.2629459758289092,4.0,inf,0.13685717687634757,791323392.0,7373583.801487684,0.9375,Oil & Gas Equipment & Services,Below threshold,0,False
270,CRF,33138,Financial Services,6.184999942779541,35.1,30.0,52.6,40.5,50.0,24.3,dilution 44% YoY,-0.324,-0.04797331087590462,1.0,,,,inf,0.44346372983778415,1053080832.0,9808117.934086919,0.625,Asset Management,Below threshold,0,False
271,URG,Ur Energy Inc,Energy,1.100000023841858,35.0,66.8,23.5,23.9,48.2,58.0,runway < 24 mo; deep operating losses,0.377,-0.19318183819370838,-1.64332,-0.17343993173724542,0.964645411962912,9.0,15.112481226780492,0.09033364356914708,437650080.0,8022288.470642735,0.9375,Uranium,Below threshold,0,False
272,POET,POET Technologies Inc.,Technology,7.46999979019165,34.8,68.0,68.8,63.3,3.6,23.0,dilution 103% YoY; deep operating losses; down >60% from 52w high,1.123,0.35883430767931945,1.0,-0.028230255503184743,,1.0,261.850574695006,1.0293807627464155,1292743808.0,83109961.68643475,0.8125,Semiconductors,Below threshold,0,False
273,GT,The Goodyear Tire & Rubber Comp,Consumer Cyclical,4.945000171661377,34.8,37.9,23.7,35.9,69.1,27.3,short interest > 20%,-0.048,-0.16400000254313152,0.18080999,0.3491881518806431,0.5080161256080638,7.0,inf,0.005797846153846153,1423659392.0,54935485.7554418,0.9375,Auto Parts,Below threshold,0,False
274,TSHA,"Taysha Gene Therapies, Inc.",Healthcare,4.855000019073486,34.8,14.6,67.5,57.2,48.6,58.1,dilution 19% YoY; deep operating losses,,0.8006328805920566,1.0,-0.05118181215370728,1.6776518947328203,13.0,67.49635000651635,0.19276283663047633,1581921792.0,17595887.954674587,0.875,Biotechnology,Below threshold,0,False
275,ALVO,Alvotech,Healthcare,5.875,34.7,36.0,69.4,37.3,23.4,79.1,dilution 15% YoY; runway < 24 mo,-0.389,-0.38214282227211105,0.60662,-0.05873688218309391,0.1574468085106382,5.0,13.912110933564529,0.14510820457359408,2096300032.0,4620142.737396351,0.875,Drug Manufacturers - Specialty & Generic,Below threshold,0,False
276,GTM,ZoomInfo Technologies Inc.,Technology,3.7899999618530273,34.7,53.0,10.0,53.6,38.6,33.8,down >60% from 52w high,0.012,-0.6347975972006495,0.86507004,0.3230854996980133,0.2093219119081715,18.0,inf,-0.08812452740954968,1103307008.0,23604052.88765723,0.9375,Software - Application,Below threshold,0,False
277,SVIA,"Silvia, Inc.",Financial Services,4.034999847412109,34.5,50.0,65.4,38.9,0.6,84.9,deep operating losses; down >60% from 52w high,,-0.7865612539271922,1.0,,,,inf,-0.03892187708397554,356571232.0,4307543.023722291,0.625,Capital Markets,Below threshold,0,False
278,RUM,RUM Group Inc.,Communication Services,7.795000076293945,34.2,59.5,83.0,32.5,12.0,58.4,dilution 130% YoY; runway < 24 mo; deep operating losses,0.609,0.22739723343007245,0.078600004,-0.03943472439685835,,1.0,16.004536427157337,1.3042283343058774,3864840704.0,32944554.259557724,0.8125,Internet Content & Information,Below threshold,0,False
279,IRD,"Opus Genetics, Inc.",Healthcare,5.0,34.2,17.8,84.4,27.8,51.1,62.1,dilution 38% YoY; deep operating losses,-0.738,1.0223463478801524,-2.91853,-0.09268674475058288,1.6,17.0,27.641634379223103,0.37957985783380876,415979136.0,11778175.482819954,0.875,Biotechnology,Below threshold,0,False
280,OVID,Ovid Therapeutics Inc.,Healthcare,2.5,34.2,3.3,81.1,57.6,45.8,62.7,dilution 160% YoY; deep operating losses,-0.883,0.9071429441169832,1.0,-0.06783740626420394,1.3662239999999999,9.0,42.46904932633883,1.598185877068433,488244640.0,4197135.688979785,0.9375,Biotechnology,Below threshold,0,False
281,TLRY,"Tilray Brands, Inc.",Healthcare,3.694999933242798,34.0,67.2,4.8,42.2,80.8,32.5,dilution 24% YoY; reverse split <2y; down >60% from 52w high,0.255,-0.7529729636939796,0.28684,-0.045845653214738206,0.9874831211580006,8.0,110.85580754366518,0.2382829238206281,546055040.0,17333415.08446195,0.9375,Drug Manufacturers - Specialty & Generic,Below threshold,0,False
282,BTZ,BlackRock Credit Allocation Inc,Financial Services,9.335000038146973,33.9,8.7,55.0,57.2,19.5,49.1,,-0.087,-0.003869148350122642,1.0,0.022503682713074482,,,inf,0.0,871183808.0,3412338.4452189445,0.8125,Asset Management,Below threshold,0,False
283,STTK,"Shattuck Labs, Inc.",Healthcare,6.875,33.7,11.5,82.3,45.4,42.3,62.3,dilution 110% YoY; deep operating losses,,2.088105853648802,0.0,-0.030748847369529708,1.1333338181818182,9.0,117.81497829249366,1.102698576703046,689997376.0,7788254.303949674,0.875,Biotechnology,Below threshold,0,False
284,JKS,JinkoSolar Holding Company Limi,Technology,9.524999618530273,33.6,31.5,6.2,20.8,84.0,69.0,down >60% from 52w high,-0.313,-0.43077189692874296,0.047509998,,1.1463822381921096,7.0,inf,0.013895713146914623,498826016.0,10015298.15841605,0.8125,Solar,Below threshold,0,False
285,ACP,Aberdeen Income Credit Strategi,Financial Services,4.434999942779541,33.5,15.5,52.4,61.9,25.2,9.1,,-0.069,0.02619647793022728,1.0,0.08271272723257754,,,inf,0.0,556462464.0,3285979.549117263,0.6875,Asset Management,Below threshold,0,False
286,BXBL,"BOXABL, Inc.",Consumer Cyclical,3.2848000526428223,33.2,87.0,2.2,36.9,2.4,88.3,deep operating losses; down >60% from 52w high,0.774,-0.6106105911883546,0.0,-0.0023439663893388713,,,64.8223989701623,0.0,1159946240.0,2014174.569768707,0.6875,Residential Construction,Below threshold,0,False
287,SOUN,"SoundHound AI, Inc.",Technology,6.045000076293945,33.0,63.1,24.2,52.7,50.7,35.4,short interest > 20%; deep operating losses; down >60% from 52w high,0.45,-0.5433673655574689,0.42294997,-0.016946479348847545,1.0796409993938765,7.0,53.48467430844809,0.07453620414920459,2684657920.0,187623236.2794611,0.9375,Software - Application,Below threshold,0,False
288,BORR,Borr Drilling Limited,Energy,3.934999942779541,32.9,34.0,44.8,34.5,34.3,49.4,dilution 31% YoY,-0.132,0.6350364976206435,0.4368,-0.05439673170745594,0.2621779090781191,6.0,40.63145939806928,0.3060129791755284,1213997568.0,22490862.471136373,0.9375,Oil & Gas Drilling,Below threshold,0,False
289,WU,Western Union Company (The),Financial Services,5.901000022888184,32.8,25.9,30.1,38.8,48.2,15.6,,-0.013,-0.028671149682844677,0.35094002,0.1941292275729185,0.16505676552007564,14.0,inf,-0.05665319462746754,1840397824.0,69323597.64790943,1.0,Credit Services,Below threshold,0,False
290,DSU,"Blackrock Debt Strategies Fund,",Financial Services,8.96500015258789,32.7,14.8,57.9,64.3,20.1,47.8,dilution 25% YoY,-0.018,0.009560954778677466,1.0,0.06853772444472654,,,inf,0.25041212216971265,580779072.0,2862303.290424156,0.8125,Asset Management,Below threshold,0,False
291,ACRS,"Aclaris Therapeutics, Inc.",Healthcare,5.300000190734863,32.7,11.2,90.2,39.9,40.5,52.3,dilution 29% YoY; deep operating losses,-0.083,2.1510418364390147,0.0,-0.05379785854020731,0.9210980440716279,11.0,26.17716620081703,0.29073968090145996,780154176.0,12185555.379642757,0.9375,Biotechnology,Below threshold,0,False
292,LXRX,"Lexicon Pharmaceuticals, Inc.",Healthcare,1.8949999809265137,32.5,6.6,79.4,51.4,52.2,39.4,dilution 22% YoY; deep operating losses,-0.976,0.6187050526300442,0.86023,-0.053101370966401405,1.3992981771836308,6.0,51.08518610898888,0.22437610838955302,843191488.0,6499167.02709554,0.9375,Biotechnology,Below threshold,0,False
293,LAES,SEALSQ Corp,Technology,2.3499999046325684,32.1,50.8,28.4,54.7,46.8,59.0,dilution 122% YoY; deep operating losses; down >60% from 52w high,1.311,-0.3178082343896256,0.52616,-0.06133335335149053,,2.0,178.51129524984577,1.2152087263936902,528586784.0,23425624.837706782,0.875,Semiconductors,Below threshold,0,False
294,CLB,Core Laboratories Inc.,Energy,9.800000190734863,31.6,24.1,24.3,48.6,60.9,26.0,short interest > 20%,-0.043,-0.00755349120536053,0.19516,0.0800756478976657,0.5306122151080499,3.0,inf,-0.014025247551453401,449668544.0,7080979.108577013,1.0,Oil & Gas Equipment & Services,Below threshold,0,False
295,DEI,"Douglas Emmett, Inc.",Real Estate,9.664999961853027,31.3,29.0,46.6,48.9,30.8,23.1,short interest > 20%,0.016,-0.20630211705125245,0.63176996,0.2036658522991995,0.3554061098504542,10.0,inf,0.00023241474060209377,1943443712.0,21358825.22102963,0.9375,REIT - Office,Below threshold,0,False
296,EVV,316100,Financial Services,8.46560001373291,30.6,11.7,51.4,58.6,20.7,9.7,,-0.034,-0.02474974067005209,1.0,0.03583266697296148,,,inf,0.0,983731968.0,4617741.675531864,0.75,Asset Management,Below threshold,0,False
297,SG,"Sweetgreen, Inc.",Consumer Cyclical,8.925000190734863,30.3,20.0,75.1,27.0,29.7,29.3,short interest > 20%,0.038,-0.13216962083718808,0.12746,-0.0582004969313612,-0.11764707768016403,12.0,27.67977618799215,0.007075140883896047,1062443712.0,38561058.805351384,0.9375,Restaurants,Below threshold,0,False
298,ABUS,Arbutus Biopharma Corporation,Healthcare,4.885000228881836,29.8,2.3,71.4,60.0,36.6,55.4,runway < 24 mo; deep operating losses,-0.906,0.13901342606639933,0.90204,-0.0829105201817785,,1.0,13.852819075477685,0.031269879728719197,967746624.0,20679366.84161555,0.8125,Biotechnology,Below threshold,0,False
299,TRIP,"TripAdvisor, Inc.",Consumer Cyclical,8.414999961853027,29.5,21.8,18.7,38.8,73.5,17.6,short interest > 20%,-0.072,-0.4416421769057546,0.63966,-0.10291691396468837,0.6478514632038674,15.0,99.68866995073891,0.009118756981189469,986232448.0,39834076.08877667,0.9375,Travel Services,Below threshold,0,False
300,OCS,Oculis Holding AG,Healthcare,9.100000381469727,29.4,41.1,10.0,40.9,50.1,69.2,deep operating losses; down >60% from 52w high,0.188,-0.30159638765151675,0.0,-0.08187688068797684,2.997281151116291,10.0,66.22445613480099,0.060994663323789666,505304448.0,2913520.9244187037,0.9375,Biotechnology,Below threshold,0,False
301,UPWK,Upwork Inc.,Communication Services,8.15999984741211,28.8,34.7,14.0,62.0,49.5,33.1,short interest > 20%; down >60% from 52w high,-0.017,-0.5249868687927768,0.77242,0.15343405245240885,0.21017159125705032,8.0,inf,-0.05817429547791675,1019211456.0,28826758.559980392,0.9375,Internet Content & Information,Below threshold,0,False
302,ARRY,"Array Technologies, Inc.",Technology,4.065000057220459,28.5,34.7,7.7,47.0,73.5,24.1,short interest > 20%; down >60% from 52w high,-0.056,-0.4522924109738492,0.26760998,0.2111573984386461,1.0883468340722842,23.0,inf,0.008593388674610125,626041280.0,33409366.78904886,1.0,Solar,Below threshold,0,False
303,ASPI,ASP Isotopes Inc.,Basic Materials,2.674999952316284,27.9,65.3,5.9,30.6,58.8,43.0,dilution 55% YoY; deep operating losses; down >60% from 52w high,3.276,-0.6115942190568631,0.1832,-0.06970455878158868,3.8598131707416634,3.0,107.00168173125758,0.5511358223748533,410102560.0,14658428.770075083,0.875,Specialty Chemicals,Below threshold,0,False
304,KDK,"Kodiak AI, Inc.",Technology,1.8499000072479248,27.6,68.6,3.8,41.1,53.6,73.4,dilution 11% YoY; runway < 24 mo; deep operating losses; down >60% from 52w high,5.956,-0.48571428293389407,1.0,-0.27502396829829867,4.675982463301208,9.0,17.759476752880673,0.10983021511889013,371123552.0,5986088.697345058,0.9375,Software - Infrastructure,Below threshold,0,False
305,FLNC,"Fluence Energy, Inc.",Utilities,7.690000057220459,27.6,43.4,18.5,27.8,61.1,30.5,short interest > 20%; down >60% from 52w high,0.079,-0.05175431742598946,0.09364,0.001615861593333889,0.3140780136291095,19.0,inf,0.0938151654309487,1496956800.0,92655121.76752993,0.9375,Utilities - Renewable,Below threshold,0,False
306,IAUX,i-80 Gold Corp.,Basic Materials,1.6649999618530273,27.4,10.0,78.0,29.5,22.8,33.4,deep operating losses,-0.125,0.8477157624571587,0.14213,-0.07909918349441873,,,48.88364257622735,0.06285081902892942,1441726336.0,15803471.356691496,0.75,Gold,Below threshold,0,False
307,RCAT,"Red Cat Holdings, Inc.",Industrials,6.465000152587891,27.4,63.6,15.7,43.1,58.2,49.0,dilution 55% YoY; short interest > 20%; deep operating losses; down >60% from 52w high,5.272,-0.1545275313389024,0.0975,-0.11856846947772728,1.5522041160966058,8.0,33.372233682011,0.5499957298900076,987298432.0,70152501.75980352,0.9375,Aerospace & Defense,Below threshold,0,False
308,OCUL,"Ocular Therapeutix, Inc.",Healthcare,7.71999979019165,27.0,23.6,36.1,38.3,54.1,41.8,dilution 27% YoY; deep operating losses,0.001,-0.16280925820652747,0.0,-0.09392813014935848,2.5091853285306196,11.0,45.109813241392445,0.2698499871525517,1695434496.0,25545862.95528763,0.9375,Biotechnology,Below threshold,0,False
309,PRTA,Prothena Corporation plc,Healthcare,8.574999809265137,26.8,3.4,46.8,40.8,66.8,49.4,short interest > 20%; deep operating losses,-0.771,-0.04200818010217211,-0.19107,-0.1231728909648059,1.495626877667994,5.0,63.780089520033194,-0.03869165467980351,440214560.0,4100240.420399809,0.875,Biotechnology,Below threshold,0,False
310,JOBY,"Joby Aviation, Inc.",Industrials,6.085000038146973,26.8,65.6,11.1,42.9,37.1,38.5,dilution 16% YoY; deep operating losses; down >60% from 52w high,2574.933,-0.5724999904632568,0.34289002,-0.07199171794731471,0.7544059051889445,9.0,62.24343011867853,0.15976523697167822,6062450688.0,242170679.4648358,0.9375,Airports & Air Services,Below threshold,0,False
311,ALLO,"Allogene Therapeutics, Inc.",Healthcare,1.6299999952316284,26.5,17.6,44.5,36.6,53.7,42.8,dilution 57% YoY; deep operating losses,,0.5748031732574699,0.0,-0.11269041600387125,4.521472408790449,9.0,62.89230795606491,0.5687972849758027,563150144.0,10881000.389249774,0.8125,Biotechnology,Below threshold,0,False
312,QUBT,Quantum Computing Inc.,Technology,8.444100379943848,26.5,50.7,45.2,46.6,45.3,38.4,dilution 43% YoY; short interest > 20%; deep operating losses; down >60% from 52w high,90.0,-0.5633952585843588,-0.18923001,-0.028203840132702947,1.210616780958273,6.0,212.40800924930707,0.43320313304199387,1911295616.0,66093954.157346405,0.875,Computer Hardware,Below threshold,0,False
313,DNN,Denison Mines Corp,Energy,2.5950000286102295,26.4,45.7,39.7,25.1,1.8,43.6,deep operating losses,-0.436,0.21505381765404996,-0.90911,-0.04158824262434857,,2.0,67.51422385055339,0.00972467512982278,2349143552.0,76961625.79684769,0.875,Uranium,Below threshold,0,False
314,CRML,Critical Metals Corp.,Basic Materials,7.380000114440918,26.3,73.2,46.4,51.8,2.7,42.0,dilution 36% YoY; short interest > 20%; deep operating losses; down >60% from 52w high,5.577,0.10923077509953427,1.0,0.05279469639765003,,2.0,inf,0.3559366621968374,1084039040.0,58632504.15844195,0.875,Other Industrial Metals & Mining,Below threshold,0,False
315,PONY,Pony AI Inc.,Technology,6.519999980926514,25.9,44.7,8.8,47.1,56.2,50.3,dilution 22% YoY; deep operating losses; down >60% from 52w high,0.688,-0.6879401246979577,0.16229999,-0.09599876030043825,2.0856978617875788,16.0,49.16954885359809,0.22269271149063452,2832376576.0,26983251.64289187,0.9375,Information Technology Services,Below threshold,0,False
316,FMC,FMC Corporation,Basic Materials,8.944999694824219,25.7,32.7,6.8,45.0,55.1,44.6,short interest > 20%; down >60% from 52w high,-0.175,-0.6436941717598313,0.31927,0.11904728172753025,0.5176076537883847,16.0,inf,0.002523809120476672,1391358976.0,38463758.34664021,0.875,Agricultural Inputs,Below threshold,0,False
317,NUAI,"New Era Energy & Digital, Inc.",Technology,6.784999847412109,25.7,12.6,93.5,57.5,1.5,64.0,dilution 318% YoY; short interest > 20%; deep operating losses,-0.825,0.8979999542236328,1.0,-0.027793997451894672,,2.0,36.780060989839065,3.179020471881037,819608192.0,39772557.80502146,0.875,Software - Infrastructure,Below threshold,0,False
318,RR,Richtech Robotics Inc.,Industrials,1.5850000381469727,24.2,66.1,12.7,57.3,41.9,19.8,dilution 62% YoY; short interest > 20%; deep operating losses; down >60% from 52w high,0.167,-0.543902427252384,0.58935,-0.07632398921537949,,1.0,149.64870287862058,0.6181623160640906,356786592.0,9361815.590176923,0.75,Specialty Industrial Machinery,Below threshold,0,False
319,GEMI,"Gemini Space Station, Inc.",Financial Services,5.150000095367432,24.0,64.3,38.0,26.6,21.4,25.5,short interest > 20%; deep operating losses; down >60% from 52w high,0.366,-0.8180347722079632,-0.26719,0.05258223440328628,0.013592214240060851,10.0,inf,0.08781133690480103,667708864.0,10556162.428638998,0.9375,Capital Markets,Below threshold,0,False
320,LWLG,"Lightwave Logic, Inc.",Basic Materials,5.0,23.0,44.2,38.0,60.8,0.9,48.3,dilution 22% YoY; deep operating losses; down >60% from 52w high,0.279,0.45967736198304276,0.98934,-0.014191596942906512,,1.0,105.20977710197373,0.2190277143926289,770836224.0,17813978.224578697,0.875,Specialty Chemicals,Below threshold,0,False
321,DGXX,Digi Power X Inc.,Utilities,4.135000228881836,22.8,7.9,85.8,29.0,24.9,74.4,dilution 150% YoY; runway < 24 mo; deep operating losses,-0.183,0.5062760446100096,0.025309999,-0.27862632546792737,,2.0,13.160834240760387,1.4964269369440895,419275328.0,12436654.135760896,0.75,Utilities - Independent Power Producers,Below threshold,0,False
322,ALMS,Alumis Inc.,Healthcare,7.335000038146973,22.8,17.0,33.8,51.5,52.8,51.1,dilution 24% YoY; deep operating losses; down >60% from 52w high,-0.377,4.521518785482494,1.0,-0.21975562088678197,3.37968641212382,8.0,28.889878811507984,0.23512481349324266,949407488.0,34013097.924359165,0.9375,Biotechnology,Below threshold,0,False
323,METC,"Ramaco Resources, Inc.",Basic Materials,8.405699729919434,22.6,40.5,5.7,29.6,75.3,33.5,dilution 14% YoY; short interest > 20%; down >60% from 52w high,-0.053,-0.5613062177216784,0.14288999,-0.159751747378469,1.2455001494778486,8.0,39.64684691561895,0.13793806898063932,535302464.0,22492807.35425353,0.875,Coking Coal,Below threshold,0,False
324,UEC,Uranium Energy Corp.,Energy,9.53600025177002,22.2,30.2,24.9,34.6,35.5,41.6,dilution 13% YoY; deep operating losses,,-0.11879053501951742,-2.46319,-0.01668739162689262,0.7648908930005647,10.0,75.39060966483696,0.133991242153763,4725895680.0,89745330.11471753,0.8125,Uranium,Below threshold,0,False
325,ACHR,Archer Aviation Inc.,Industrials,5.045000076293945,21.6,27.1,33.9,40.2,42.1,52.0,dilution 20% YoY; deep operating losses; down >60% from 52w high,,-0.40103622401089145,0.14493,-0.09690046282216677,1.103292336874436,9.0,49.748498938086676,0.20193830342305552,3884785408.0,177033814.10756597,0.8125,Aerospace & Defense,Below threshold,0,False
326,SERV,Serve Robotics Inc.,Industrials,4.744999885559082,21.1,62.7,5.8,39.5,52.4,27.4,dilution 46% YoY; short interest > 20%; deep operating losses; down >60% from 52w high,4.044,-0.5844710089930998,0.0,-0.2190646341083061,1.559085414723727,7.0,31.342632051205463,0.45779879680446744,411427104.0,18120088.66250782,0.875,Integrated Freight & Logistics,Below threshold,0,False
327,ALT,"Altimmune, Inc.",Healthcare,2.934999942779541,20.7,20.7,41.2,38.8,50.2,34.8,dilution 129% YoY; short interest > 20%; deep operating losses,,-0.1794195444858877,0.0,-0.0854533496590983,4.830020556591636,9.0,80.25585111045099,1.2858793106893458,570909440.0,12621949.22253898,0.875,Biotechnology,Below threshold,0,False
328,CTMX,"CytomX Therapeutics, Inc.",Healthcare,2.734999895095825,20.7,11.8,27.0,57.1,57.8,37.5,dilution 32% YoY; short interest > 20%; deep operating losses,-0.924,0.04024763939773246,1.0,-0.12620531350098246,3.4789764058001182,8.0,52.695409217473916,0.32131350879532894,595954496.0,11141365.259256255,0.9375,Biotechnology,Below threshold,0,False
329,HTZ,"Hertz Global Holdings, Inc",Industrials,1.690000057220459,19.4,52.1,1.9,45.5,39.3,14.8,dilution 15% YoY; short interest > 20%; down >60% from 52w high,0.097,-0.6681286651627242,0.16315001,2.4501874891434783,0.3116390088446237,6.0,inf,0.14850471476973004,602402880.0,60378032.63236893,0.8125,Rental & Leasing Services,Below threshold,0,False
330,SLDP,"Solid Power, Inc.",Consumer Cyclical,2.375,19.1,18.1,22.7,60.3,10.2,50.7,dilution 26% YoY; down >60% from 52w high,,-0.3380681999058518,-1.0505999,-0.08272626641214541,,2.0,64.89177691337298,0.25732868229324257,541930368.0,7513871.223440949,0.75,Auto Parts,Below threshold,0,False
331,NFGC,New Found Gold Corp,Basic Materials,1.6399999856948853,18.5,6.8,30.3,38.2,17.7,91.8,dilution 67% YoY; deep operating losses,,-0.23790323743586972,0.110740006,-0.11091540072140148,,1.0,34.870229615568135,0.6718286005404923,630346368.0,2107244.983461124,0.75,Gold,Below threshold,0,False
332,RXRX,"Recursion Pharmaceuticals, Inc.",Healthcare,4.189899921417236,18.5,11.8,64.3,36.4,36.7,24.5,dilution 23% YoY; short interest > 20%; deep operating losses,-0.601,-0.30753560060506846,0.0,-0.09768639968599892,0.722396748216114,6.0,29.833178735153382,0.23401668729359515,2246922240.0,63398584.571573764,0.9375,Biotechnology,Below threshold,0,False
333,IVA,Inventiva S.A. - American Depos,Healthcare,3.640000104904175,18.3,21.2,20.4,33.3,50.4,61.0,dilution 102% YoY; runway < 24 mo; deep operating losses,-0.767,-0.2027257377207119,0.78257006,-0.13504671549417382,3.2707278988963777,11.0,17.16794061264737,1.0193664927317152,859843200.0,5050024.300592084,0.9375,Biotechnology,Below threshold,0,False
334,OPEN,Opendoor Technologies Inc,Real Estate,2.375,17.5,29.3,4.5,30.8,71.3,24.0,dilution 32% YoY; short interest > 20%; down >60% from 52w high,-0.437,-0.6097560826686785,0.08636,0.021276601242006737,0.798496842105263,7.0,inf,0.3203874415483092,2291249408.0,182408159.1586698,0.9375,Real Estate Services,Below threshold,0,False
335,WVE,"Wave Life Sciences, Inc.",Healthcare,3.6700000762939453,17.1,9.5,10.1,34.9,68.9,64.2,dilution 24% YoY; deep operating losses; down >60% from 52w high,-0.739,-0.3127629710070975,-2.02001,-0.17807560780219836,4.048885453624144,17.0,45.71593454478724,0.2415592907227786,723166848.0,15348875.875604518,0.9375,Biotechnology,Below threshold,0,False
336,ENVX,Enovix Corporation,Industrials,2.875,15.5,47.2,3.9,27.5,55.5,39.9,dilution 14% YoY; short interest > 20%; deep operating losses; down >60% from 52w high,0.208,-0.6609829464479842,0.1883,-0.11016330174794399,2.9478260869565216,10.0,82.14495267182039,0.13597846716999906,630914496.0,26688497.88775911,0.875,Electrical Equipment & Parts,Below threshold,0,False
337,PRME,"Prime Medicine, Inc.",Healthcare,3.125,14.6,30.0,37.0,17.6,46.0,54.8,dilution 34% YoY; runway < 24 mo; short interest > 20%; deep operating losses,0.035,-0.32518800783267754,0.0,-0.1336973193747451,1.2763648,11.0,15.054790182106096,0.3438291626602432,566802688.0,10608051.58002019,0.9375,Biotechnology,Below threshold,0,False
338,CCOI,"Cogent Communications Holdings,",Communication Services,7.659999847412109,13.9,11.6,2.0,23.2,61.0,31.8,runway < 24 mo; down >60% from 52w high,-0.042,-0.7489364563274976,0.50345004,-0.33663720933684954,0.9938290214404915,11.0,16.691801100956333,0.03999374895880292,392312544.0,17805534.87819344,0.875,Telecom Services,Below threshold,0,False
339,PCT,"PureCycle Technologies, Inc.",Industrials,4.349999904632568,13.0,64.6,15.7,19.6,47.3,21.4,dilution 12% YoY; runway < 24 mo; short interest > 20%; deep operating losses; down >60% from 52w high,1.735,-0.5022865650329931,0.0,-0.1860217818071278,1.4367816626183005,5.0,16.5945341337379,0.11715568629195494,873935936.0,26526180.36193986,0.875,Pollution & Treatment Controls,Below threshold,0,False
340,SMR,NuScale Power Corporation,Industrials,7.954999923706055,5.8,21.7,9.9,48.5,25.9,24.2,dilution 207% YoY; short interest > 20%; deep operating losses; down >60% from 52w high,-0.991,-0.7570754587308435,0.23545,-0.06266953003222732,0.5042954261179928,15.0,62.88442288630165,2.068091252973288,3264648704.0,300118444.5176342,0.9375,Specialty Industrial Machinery,Below threshold,0,False
341,BBAI,"BigBear.ai, Inc.",Technology,2.670099973678589,3.4,30.4,13.8,44.8,30.6,14.9,dilution 30% YoY; runway < 24 mo; short interest > 20%; deep operating losses; down >60% from 52w high,0.132,-0.5154798613068202,0.27919,-0.1627754483205413,,2.0,18.379421838040027,0.2988390293546084,1280298240.0,58897133.52193055,0.8125,Information Technology Services,Below threshold,0,False
